city,latitude,longitude,timestamp,temperature,humidity,wind_speed,precipitation,pressure,cloud_cover
Boston,42.36,-71.06,2025-10-13T00:00,56.3,91,26.9,0.6,1022.0,100
Boston,42.36,-71.06,2025-10-13T01:00,56.0,91,21.9,1.3,1022.2,100
Boston,42.36,-71.06,2025-10-13T02:00,55.6,92,24.0,2.5,1022.1,100
Boston,42.36,-71.06,2025-10-13T03:00,54.8,93,27.3,0.2,1021.7,100
Boston,42.36,-71.06,2025-10-13T04:00,54.3,91,28.8,0.8,1020.9,100
Boston,42.36,-71.06,2025-10-13T05:00,54.4,90,28.9,0.8,1020.4,100
Boston,42.36,-71.06,2025-10-13T06:00,54.3,87,27.0,0.6,1020.2,100
Boston,42.36,-71.06,2025-10-13T07:00,54.2,86,25.8,0.9,1019.6,100
Boston,42.36,-71.06,2025-10-13T08:00,54.4,90,25.9,0.6,1019.9,100
Boston,42.36,-71.06,2025-10-13T09:00,54.7,91,26.3,1.3,1019.8,100
Boston,42.36,-71.06,2025-10-13T10:00,54.7,90,26.9,0.8,1020.0,100
Boston,42.36,-71.06,2025-10-13T11:00,53.9,91,28.5,0.8,1020.3,100
Boston,42.36,-71.06,2025-10-13T12:00,53.8,89,29.6,0.0,1020.7,100
Boston,42.36,-71.06,2025-10-13T13:00,53.5,89,26.2,0.1,1020.8,100
Boston,42.36,-71.06,2025-10-13T14:00,53.5,92,27.3,0.2,1020.9,100
Boston,42.36,-71.06,2025-10-13T15:00,53.4,90,27.4,0.2,1020.8,100
Boston,42.36,-71.06,2025-10-13T16:00,53.1,94,26.4,0.3,1020.7,100
Boston,42.36,-71.06,2025-10-13T17:00,53.1,92,29.2,0.7,1020.3,100
Boston,42.36,-71.06,2025-10-13T18:00,52.9,94,28.0,0.9,1020.2,100
Boston,42.36,-71.06,2025-10-13T19:00,53.2,97,30.0,0.7,1019.9,100
Boston,42.36,-71.06,2025-10-13T20:00,53.5,96,26.4,0.3,1020.1,100
Boston,42.36,-71.06,2025-10-13T21:00,53.0,96,26.7,0.6,1020.0,100
Boston,42.36,-71.06,2025-10-13T22:00,53.4,95,22.6,0.1,1020.1,100
Boston,42.36,-71.06,2025-10-13T23:00,53.2,93,24.7,0.1,1020.2,100
Boston,42.36,-71.06,2025-10-14T00:00,52.9,94,24.7,0.0,1020.1,100
Boston,42.36,-71.06,2025-10-14T01:00,52.2,93,18.7,0.0,1020.4,100
Boston,42.36,-71.06,2025-10-14T02:00,52.8,95,22.1,0.3,1020.6,100
Boston,42.36,-71.06,2025-10-14T03:00,52.7,91,16.6,0.3,1020.3,100
Boston,42.36,-71.06,2025-10-14T04:00,52.1,93,17.7,0.0,1019.8,100
Boston,42.36,-71.06,2025-10-14T05:00,52.8,93,19.1,0.0,1019.4,100
Boston,42.36,-71.06,2025-10-14T06:00,52.1,91,17.3,0.0,1019.2,100
Boston,42.36,-71.06,2025-10-14T07:00,52.9,93,21.2,0.0,1018.5,100
Boston,42.36,-71.06,2025-10-14T08:00,53.3,92,16.6,0.0,1018.2,100
Boston,42.36,-71.06,2025-10-14T09:00,53.2,92,15.1,0.0,1018.3,100
Boston,42.36,-71.06,2025-10-14T10:00,52.8,92,17.7,1.7,1018.0,100
Boston,42.36,-71.06,2025-10-14T11:00,52.3,92,17.1,0.2,1018.1,100
Boston,42.36,-71.06,2025-10-14T12:00,52.0,97,17.7,0.0,1018.6,100
Boston,42.36,-71.06,2025-10-14T13:00,51.9,96,17.3,0.0,1018.6,100
Boston,42.36,-71.06,2025-10-14T14:00,52.1,98,15.5,0.0,1019.0,100
Boston,42.36,-71.06,2025-10-14T15:00,52.8,94,15.2,0.0,1018.8,100
Boston,42.36,-71.06,2025-10-14T16:00,55.0,93,17.8,0.0,1018.4,100
Boston,42.36,-71.06,2025-10-14T17:00,55.8,89,18.0,0.0,1017.5,100
Boston,42.36,-71.06,2025-10-14T18:00,56.2,87,17.3,0.0,1017.4,100
Boston,42.36,-71.06,2025-10-14T19:00,55.4,95,14.8,0.0,1017.4,100
Boston,42.36,-71.06,2025-10-14T20:00,55.8,94,15.5,0.0,1017.2,100
Boston,42.36,-71.06,2025-10-14T21:00,55.5,89,10.1,0.0,1017.3,100
Boston,42.36,-71.06,2025-10-14T22:00,54.0,88,9.2,0.0,1017.4,100
Boston,42.36,-71.06,2025-10-14T23:00,52.8,87,2.4,0.0,1017.5,100
Boston,42.36,-71.06,2025-10-15T00:00,53.8,88,5.4,0.0,1017.7,100
Boston,42.36,-71.06,2025-10-15T01:00,53.3,91,4.7,0.0,1017.7,100
Boston,42.36,-71.06,2025-10-15T02:00,53.5,95,4.1,0.0,1016.9,100
Boston,42.36,-71.06,2025-10-15T03:00,53.7,92,5.7,0.0,1016.6,100
Boston,42.36,-71.06,2025-10-15T04:00,53.7,97,2.9,0.0,1016.4,100
Boston,42.36,-71.06,2025-10-15T05:00,53.6,96,2.3,0.0,1016.1,100
Boston,42.36,-71.06,2025-10-15T06:00,53.4,97,4.1,0.0,1015.6,100
Boston,42.36,-71.06,2025-10-15T07:00,53.0,99,3.7,0.0,1014.8,100
Boston,42.36,-71.06,2025-10-15T08:00,53.6,96,2.9,0.0,1014.2,100
Boston,42.36,-71.06,2025-10-15T09:00,52.8,96,4.4,0.0,1013.8,58
Boston,42.36,-71.06,2025-10-15T10:00,51.7,98,4.0,0.0,1013.6,68
Boston,42.36,-71.06,2025-10-15T11:00,50.3,91,4.8,0.0,1013.2,89
Boston,42.36,-71.06,2025-10-15T12:00,51.1,89,7.2,0.0,1013.6,65
Boston,42.36,-71.06,2025-10-15T13:00,54.5,88,10.9,0.0,1013.4,3
Boston,42.36,-71.06,2025-10-15T14:00,57.3,86,16.0,0.0,1013.3,64
Boston,42.36,-71.06,2025-10-15T15:00,59.7,80,17.8,0.0,1012.9,66
Boston,42.36,-71.06,2025-10-15T16:00,61.8,68,19.4,0.0,1012.4,12
Boston,42.36,-71.06,2025-10-15T17:00,61.9,66,20.0,0.0,1011.6,26
Boston,42.36,-71.06,2025-10-15T18:00,61.1,56,19.2,0.0,1011.0,99
Boston,42.36,-71.06,2025-10-15T19:00,59.6,58,21.3,0.0,1011.0,56
Boston,42.36,-71.06,2025-10-15T20:00,57.5,49,19.7,0.0,1011.3,58
Boston,42.36,-71.06,2025-10-15T21:00,54.8,51,16.1,0.0,1011.7,0
Boston,42.36,-71.06,2025-10-15T22:00,51.6,52,14.8,0.0,1012.3,20
Boston,42.36,-71.06,2025-10-15T23:00,49.2,57,9.0,0.0,1012.7,2
Boston,42.36,-71.06,2025-10-16T00:00,47.3,63,9.0,0.0,1012.9,3
Boston,42.36,-71.06,2025-10-16T01:00,46.5,61,8.9,0.0,1013.1,66
Boston,42.36,-71.06,2025-10-16T02:00,45.3,69,6.8,0.0,1013.1,30
Boston,42.36,-71.06,2025-10-16T03:00,45.8,68,8.2,0.0,1012.8,100
Boston,42.36,-71.06,2025-10-16T04:00,46.3,66,8.6,0.0,1012.4,100
Boston,42.36,-71.06,2025-10-16T05:00,45.5,69,9.8,0.0,1011.9,0
Boston,42.36,-71.06,2025-10-16T06:00,44.5,67,11.2,0.0,1011.9,0
Boston,42.36,-71.06,2025-10-16T07:00,44.1,67,13.6,0.0,1011.4,0
Boston,42.36,-71.06,2025-10-16T08:00,42.9,73,13.8,0.0,1011.2,0
Boston,42.36,-71.06,2025-10-16T09:00,42.5,72,13.0,0.0,1011.2,0
Boston,42.36,-71.06,2025-10-16T10:00,41.8,72,10.0,0.0,1010.9,27
Boston,42.36,-71.06,2025-10-16T11:00,40.8,74,12.6,0.0,1010.7,0
Boston,42.36,-71.06,2025-10-16T12:00,42.3,73,16.6,0.0,1010.9,0
Boston,42.36,-71.06,2025-10-16T13:00,45.3,65,20.7,0.0,1010.9,0
Boston,42.36,-71.06,2025-10-16T14:00,47.8,61,21.9,0.0,1010.7,0
Boston,42.36,-71.06,2025-10-16T15:00,50.1,58,23.8,0.0,1010.4,77
Boston,42.36,-71.06,2025-10-16T16:00,51.9,50,23.1,0.0,1010.2,0
Boston,42.36,-71.06,2025-10-16T17:00,53.8,45,23.9,0.0,1009.5,50
Boston,42.36,-71.06,2025-10-16T18:00,55.2,44,23.8,0.0,1009.2,28
Boston,42.36,-71.06,2025-10-16T19:00,55.0,42,25.3,0.0,1009.2,30
Boston,42.36,-71.06,2025-10-16T20:00,54.5,43,23.7,0.0,1009.3,9
Boston,42.36,-71.06,2025-10-16T21:00,53.4,47,23.8,0.0,1009.7,62
Boston,42.36,-71.06,2025-10-16T22:00,50.6,49,18.7,0.0,1010.5,26
Boston,42.36,-71.06,2025-10-16T23:00,50.5,49,17.3,0.0,1011.3,85
Boston,42.36,-71.06,2025-10-17T00:00,48.7,51,15.8,0.0,1011.8,79
Boston,42.36,-71.06,2025-10-17T01:00,49.4,54,16.6,0.0,1012.0,99
Boston,42.36,-71.06,2025-10-17T02:00,47.2,60,15.8,0.0,1011.9,6
Boston,42.36,-71.06,2025-10-17T03:00,46.7,59,14.3,0.0,1011.6,20
Boston,42.36,-71.06,2025-10-17T04:00,45.9,62,12.0,0.0,1011.5,0
Boston,42.36,-71.06,2025-10-17T05:00,44.4,69,9.9,0.0,1011.3,6
Boston,42.36,-71.06,2025-10-17T06:00,45.0,68,10.2,0.0,1011.6,0
Boston,42.36,-71.06,2025-10-17T07:00,43.7,68,14.3,0.0,1011.7,4
Boston,42.36,-71.06,2025-10-17T08:00,44.2,69,11.8,0.0,1012.1,3
Boston,42.36,-71.06,2025-10-17T09:00,43.7,69,12.2,0.0,1012.6,0
Boston,42.36,-71.06,2025-10-17T10:00,42.9,73,8.9,0.0,1013.0,0
Boston,42.36,-71.06,2025-10-17T11:00,42.2,75,10.7,0.0,1013.7,0
Boston,42.36,-71.06,2025-10-17T12:00,43.2,80,9.4,0.0,1014.0,0
Boston,42.36,-71.06,2025-10-17T13:00,47.7,70,12.0,0.0,1013.9,2
Boston,42.36,-71.06,2025-10-17T14:00,51.2,65,16.5,0.0,1014.0,1
Boston,42.36,-71.06,2025-10-17T15:00,54.6,58,14.0,0.0,1013.9,3
Boston,42.36,-71.06,2025-10-17T16:00,57.6,53,15.5,0.0,1013.9,4
Boston,42.36,-71.06,2025-10-17T17:00,59.5,50,13.4,0.0,1013.0,1
Boston,42.36,-71.06,2025-10-17T18:00,61.7,44,13.9,0.0,1012.5,4
Boston,42.36,-71.06,2025-10-17T19:00,62.0,46,10.9,0.0,1012.2,5
Boston,42.36,-71.06,2025-10-17T20:00,61.8,46,8.0,0.0,1011.8,5
Boston,42.36,-71.06,2025-10-17T21:00,58.0,65,9.3,0.0,1011.8,2
Boston,42.36,-71.06,2025-10-17T22:00,54.2,72,4.0,0.0,1012.1,0
Boston,42.36,-71.06,2025-10-17T23:00,51.4,80,6.6,0.0,1012.5,0
Boston,42.36,-71.06,2025-10-18T00:00,49.8,81,6.8,0.0,1013.0,1
Boston,42.36,-71.06,2025-10-18T01:00,47.8,86,7.0,0.0,1013.4,1
Boston,42.36,-71.06,2025-10-18T02:00,46.3,89,4.7,0.0,1013.5,4
Boston,42.36,-71.06,2025-10-18T03:00,45.3,87,1.5,0.0,1013.5,1
Boston,42.36,-71.06,2025-10-18T04:00,44.5,84,3.5,0.0,1013.6,0
Boston,42.36,-71.06,2025-10-18T05:00,43.2,85,3.5,0.0,1013.9,1
Boston,42.36,-71.06,2025-10-18T06:00,42.1,85,3.4,0.0,1014.1,0
Boston,42.36,-71.06,2025-10-18T07:00,41.3,87,3.4,0.0,1013.9,2
Boston,42.36,-71.06,2025-10-18T08:00,40.1,91,4.0,0.0,1014.3,1
Boston,42.36,-71.06,2025-10-18T09:00,39.4,88,4.0,0.0,1014.8,3
Boston,42.36,-71.06,2025-10-18T10:00,39.0,84,4.3,0.0,1015.2,2
Boston,42.36,-71.06,2025-10-18T11:00,38.5,86,5.2,0.0,1015.5,1
Boston,42.36,-71.06,2025-10-18T12:00,40.5,89,4.5,0.0,1016.0,1
Boston,42.36,-71.06,2025-10-18T13:00,46.4,83,3.3,0.0,1016.8,10
Boston,42.36,-71.06,2025-10-18T14:00,51.6,76,2.3,0.0,1016.8,16
Boston,42.36,-71.06,2025-10-18T15:00,55.9,66,3.0,0.0,1017.0,11
Boston,42.36,-71.06,2025-10-18T16:00,58.2,62,1.9,0.0,1016.8,11
Boston,42.36,-71.06,2025-10-18T17:00,60.6,56,4.0,0.0,1016.3,4
Boston,42.36,-71.06,2025-10-18T18:00,60.0,60,12.8,0.0,1015.5,5
Boston,42.36,-71.06,2025-10-18T19:00,61.3,53,9.2,0.0,1015.4,3
Boston,42.36,-71.06,2025-10-18T20:00,60.1,55,10.5,0.0,1015.4,3
Boston,42.36,-71.06,2025-10-18T21:00,56.4,70,11.9,0.0,1015.6,0
Boston,42.36,-71.06,2025-10-18T22:00,54.1,71,5.9,0.0,1015.9,2
Boston,42.36,-71.06,2025-10-18T23:00,52.1,76,6.5,0.0,1016.3,7
Boston,42.36,-71.06,2025-10-19T00:00,51.1,79,5.9,0.0,1016.5,14
Boston,42.36,-71.06,2025-10-19T01:00,49.0,85,5.8,0.0,1016.6,5
Boston,42.36,-71.06,2025-10-19T02:00,48.8,82,5.4,0.0,1016.8,0
Boston,42.36,-71.06,2025-10-19T03:00,47.2,86,2.8,0.0,1017.2,3
Boston,42.36,-71.06,2025-10-19T04:00,46.8,84,1.3,0.0,1017.4,5
Boston,42.36,-71.06,2025-10-19T05:00,46.5,86,2.2,0.0,1017.8,12
Boston,42.36,-71.06,2025-10-19T06:00,45.6,86,2.9,0.0,1017.5,10
Boston,42.36,-71.06,2025-10-19T07:00,45.3,84,6.5,0.0,1017.1,7
Boston,42.36,-71.06,2025-10-19T08:00,44.8,83,6.5,0.0,1017.0,4
Boston,42.36,-71.06,2025-10-19T09:00,44.1,88,8.0,0.0,1016.9,14
Boston,42.36,-71.06,2025-10-19T10:00,44.2,85,4.6,0.0,1016.8,5
Boston,42.36,-71.06,2025-10-19T11:00,44.5,82,2.8,0.0,1016.9,1
Boston,42.36,-71.06,2025-10-19T12:00,46.4,88,4.8,0.0,1017.5,5
Boston,42.36,-71.06,2025-10-19T13:00,53.0,84,3.3,0.0,1017.7,2
Boston,42.36,-71.06,2025-10-19T14:00,59.8,76,8.0,0.0,1017.8,0
Boston,42.36,-71.06,2025-10-19T15:00,64.8,65,12.5,0.0,1017.3,13
Boston,42.36,-71.06,2025-10-19T16:00,66.6,58,14.2,0.0,1017.3,21
Boston,42.36,-71.06,2025-10-19T17:00,68.4,58,15.8,0.0,1016.5,5
Boston,42.36,-71.06,2025-10-19T18:00,68.6,53,15.6,0.0,1016.0,95
Boston,42.36,-71.06,2025-10-19T19:00,68.5,52,17.0,0.0,1015.9,51
Boston,42.36,-71.06,2025-10-19T20:00,68.1,43,15.4,0.0,1015.5,7
Boston,42.36,-71.06,2025-10-19T21:00,66.3,44,13.5,0.0,1015.1,15
Boston,42.36,-71.06,2025-10-19T22:00,61.2,61,11.5,0.0,1015.2,18
Boston,42.36,-71.06,2025-10-19T23:00,59.1,67,11.0,0.0,1015.6,9
New York,40.71,-74.01,2025-10-13T00:00,55.9,91,22.8,2.1,1015.5,100
New York,40.71,-74.01,2025-10-13T01:00,56.1,91,23.8,1.4,1015.5,100
New York,40.71,-74.01,2025-10-13T02:00,55.3,91,22.6,0.8,1015.6,100
New York,40.71,-74.01,2025-10-13T03:00,55.7,91,24.4,1.6,1014.8,100
New York,40.71,-74.01,2025-10-13T04:00,55.8,93,26.9,1.6,1014.0,100
New York,40.71,-74.01,2025-10-13T05:00,55.6,94,30.3,2.2,1013.1,100
New York,40.71,-74.01,2025-10-13T06:00,56.2,92,28.9,2.1,1012.5,100
New York,40.71,-74.01,2025-10-13T07:00,55.6,94,25.8,0.9,1012.2,100
New York,40.71,-74.01,2025-10-13T08:00,54.7,93,25.1,0.0,1011.8,100
New York,40.71,-74.01,2025-10-13T09:00,53.9,95,22.9,1.5,1011.9,100
New York,40.71,-74.01,2025-10-13T10:00,53.9,91,23.7,0.1,1012.0,100
New York,40.71,-74.01,2025-10-13T11:00,52.8,95,24.4,0.3,1012.3,100
New York,40.71,-74.01,2025-10-13T12:00,53.6,94,25.8,0.0,1012.5,100
New York,40.71,-74.01,2025-10-13T13:00,54.3,94,24.7,0.1,1012.6,100
New York,40.71,-74.01,2025-10-13T14:00,55.0,94,24.9,0.3,1012.8,100
New York,40.71,-74.01,2025-10-13T15:00,55.0,91,26.9,0.1,1012.8,100
New York,40.71,-74.01,2025-10-13T16:00,55.2,97,26.9,0.5,1012.9,100
New York,40.71,-74.01,2025-10-13T17:00,55.9,96,24.7,0.2,1012.9,100
New York,40.71,-74.01,2025-10-13T18:00,56.9,92,30.8,0.1,1012.5,100
New York,40.71,-74.01,2025-10-13T19:00,57.0,93,31.0,0.0,1012.3,100
New York,40.71,-74.01,2025-10-13T20:00,57.0,90,27.2,0.0,1012.6,100
New York,40.71,-74.01,2025-10-13T21:00,56.6,92,26.2,0.0,1012.8,100
New York,40.71,-74.01,2025-10-13T22:00,56.1,93,27.5,0.0,1013.2,100
New York,40.71,-74.01,2025-10-13T23:00,56.4,90,25.4,0.0,1013.7,100
New York,40.71,-74.01,2025-10-14T00:00,55.8,87,26.0,0.0,1014.0,100
New York,40.71,-74.01,2025-10-14T01:00,55.1,90,22.5,0.0,1014.4,100
New York,40.71,-74.01,2025-10-14T02:00,55.0,90,23.5,0.0,1014.9,100
New York,40.71,-74.01,2025-10-14T03:00,54.6,90,24.0,0.0,1015.1,100
New York,40.71,-74.01,2025-10-14T04:00,54.3,90,20.5,0.0,1015.1,100
New York,40.71,-74.01,2025-10-14T05:00,54.4,89,21.8,0.0,1015.0,100
New York,40.71,-74.01,2025-10-14T06:00,53.7,89,18.7,0.0,1015.0,100
New York,40.71,-74.01,2025-10-14T07:00,53.4,88,19.1,0.0,1014.9,100
New York,40.71,-74.01,2025-10-14T08:00,53.2,88,17.1,0.0,1015.0,100
New York,40.71,-74.01,2025-10-14T09:00,53.0,89,18.8,0.0,1015.7,100
New York,40.71,-74.01,2025-10-14T10:00,53.0,89,17.0,0.0,1015.8,100
New York,40.71,-74.01,2025-10-14T11:00,53.4,90,14.8,0.0,1016.1,100
New York,40.71,-74.01,2025-10-14T12:00,53.3,90,15.6,0.0,1016.9,100
New York,40.71,-74.01,2025-10-14T13:00,53.5,91,17.3,0.0,1017.5,100
New York,40.71,-74.01,2025-10-14T14:00,54.6,87,16.6,0.0,1017.3,100
New York,40.71,-74.01,2025-10-14T15:00,55.9,84,18.5,0.0,1017.3,100
New York,40.71,-74.01,2025-10-14T16:00,58.1,83,19.0,0.0,1017.0,100
New York,40.71,-74.01,2025-10-14T17:00,58.8,82,19.9,0.0,1016.8,100
New York,40.71,-74.01,2025-10-14T18:00,60.0,82,19.4,0.0,1016.1,100
New York,40.71,-74.01,2025-10-14T19:00,60.9,81,18.9,0.0,1015.7,100
New York,40.71,-74.01,2025-10-14T20:00,60.1,80,19.2,0.0,1015.8,100
New York,40.71,-74.01,2025-10-14T21:00,60.1,80,15.1,0.0,1015.9,100
New York,40.71,-74.01,2025-10-14T22:00,59.6,81,13.8,0.0,1016.4,100
New York,40.71,-74.01,2025-10-14T23:00,58.8,83,9.8,0.0,1016.8,100
New York,40.71,-74.01,2025-10-15T00:00,59.9,78,14.6,0.0,1017.0,100
New York,40.71,-74.01,2025-10-15T01:00,59.5,84,11.6,0.0,1017.3,100
New York,40.71,-74.01,2025-10-15T02:00,59.1,82,12.8,0.0,1017.1,100
New York,40.71,-74.01,2025-10-15T03:00,58.3,88,13.4,0.0,1017.2,100
New York,40.71,-74.01,2025-10-15T04:00,58.0,87,15.0,0.0,1017.0,100
New York,40.71,-74.01,2025-10-15T05:00,58.3,85,10.6,0.0,1016.8,100
New York,40.71,-74.01,2025-10-15T06:00,58.3,86,9.6,0.0,1016.4,100
New York,40.71,-74.01,2025-10-15T07:00,56.6,87,5.1,0.0,1015.8,100
New York,40.71,-74.01,2025-10-15T08:00,56.2,90,5.9,0.0,1015.5,17
New York,40.71,-74.01,2025-10-15T09:00,55.6,90,2.2,0.0,1015.2,3
New York,40.71,-74.01,2025-10-15T10:00,55.2,85,5.4,0.0,1015.3,66
New York,40.71,-74.01,2025-10-15T11:00,54.5,87,3.7,0.0,1015.3,52
New York,40.71,-74.01,2025-10-15T12:00,55.3,90,4.9,0.0,1015.3,7
New York,40.71,-74.01,2025-10-15T13:00,57.5,87,7.0,0.0,1015.5,98
New York,40.71,-74.01,2025-10-15T14:00,59.7,79,6.9,0.0,1015.1,100
New York,40.71,-74.01,2025-10-15T15:00,62.6,72,9.4,0.0,1015.0,68
New York,40.71,-74.01,2025-10-15T16:00,65.6,67,13.8,0.0,1014.6,18
New York,40.71,-74.01,2025-10-15T17:00,66.8,67,13.7,0.0,1013.8,10
New York,40.71,-74.01,2025-10-15T18:00,67.8,59,16.2,0.0,1012.8,100
New York,40.71,-74.01,2025-10-15T19:00,69.6,49,16.6,0.0,1012.3,7
New York,40.71,-74.01,2025-10-15T20:00,69.5,49,16.1,0.0,1012.3,1
New York,40.71,-74.01,2025-10-15T21:00,67.1,46,15.4,0.0,1012.3,0
New York,40.71,-74.01,2025-10-15T22:00,64.5,48,14.6,0.0,1012.7,0
New York,40.71,-74.01,2025-10-15T23:00,62.4,53,16.0,0.0,1013.3,0
New York,40.71,-74.01,2025-10-16T00:00,58.8,62,17.0,0.0,1013.9,0
New York,40.71,-74.01,2025-10-16T01:00,56.2,62,14.4,0.0,1014.6,0
New York,40.71,-74.01,2025-10-16T02:00,53.8,68,10.0,0.0,1015.0,0
New York,40.71,-74.01,2025-10-16T03:00,53.4,61,9.4,0.0,1015.0,3
New York,40.71,-74.01,2025-10-16T04:00,51.6,56,12.4,0.0,1015.0,0
New York,40.71,-74.01,2025-10-16T05:00,49.5,61,9.3,0.0,1014.9,0
New York,40.71,-74.01,2025-10-16T06:00,48.5,64,7.9,0.0,1015.2,0
New York,40.71,-74.01,2025-10-16T07:00,47.1,63,8.0,0.0,1014.8,0
New York,40.71,-74.01,2025-10-16T08:00,46.3,67,8.8,0.0,1014.8,0
New York,40.71,-74.01,2025-10-16T09:00,45.3,69,10.5,0.0,1014.8,0
New York,40.71,-74.01,2025-10-16T10:00,45.0,69,11.0,0.0,1014.6,0
New York,40.71,-74.01,2025-10-16T11:00,44.2,72,10.3,0.0,1014.4,0
New York,40.71,-74.01,2025-10-16T12:00,44.8,71,12.6,0.0,1014.9,10
New York,40.71,-74.01,2025-10-16T13:00,46.8,68,16.3,0.0,1015.0,50
New York,40.71,-74.01,2025-10-16T14:00,50.4,58,17.7,0.0,1014.8,10
New York,40.71,-74.01,2025-10-16T15:00,52.5,46,22.9,0.0,1014.8,3
New York,40.71,-74.01,2025-10-16T16:00,56.3,37,23.5,0.0,1013.9,0
New York,40.71,-74.01,2025-10-16T17:00,59.2,27,26.2,0.0,1013.0,0
New York,40.71,-74.01,2025-10-16T18:00,60.7,25,27.0,0.0,1012.3,0
New York,40.71,-74.01,2025-10-16T19:00,62.5,23,24.7,0.0,1011.8,0
New York,40.71,-74.01,2025-10-16T20:00,62.8,21,25.9,0.0,1011.8,0
New York,40.71,-74.01,2025-10-16T21:00,61.8,20,22.5,0.0,1011.7,0
New York,40.71,-74.01,2025-10-16T22:00,58.5,24,17.1,0.0,1012.4,0
New York,40.71,-74.01,2025-10-16T23:00,56.2,25,15.4,0.0,1013.3,0
New York,40.71,-74.01,2025-10-17T00:00,54.6,27,16.3,0.0,1013.9,0
New York,40.71,-74.01,2025-10-17T01:00,53.9,27,17.5,0.0,1014.1,0
New York,40.71,-74.01,2025-10-17T02:00,52.0,32,10.0,0.0,1014.6,0
New York,40.71,-74.01,2025-10-17T03:00,50.5,39,10.5,0.0,1014.8,0
New York,40.71,-74.01,2025-10-17T04:00,48.9,40,6.4,0.0,1014.7,0
New York,40.71,-74.01,2025-10-17T05:00,47.9,44,8.7,0.0,1014.6,0
New York,40.71,-74.01,2025-10-17T06:00,47.1,43,8.7,0.0,1014.7,0
New York,40.71,-74.01,2025-10-17T07:00,45.9,43,8.9,0.0,1014.7,0
New York,40.71,-74.01,2025-10-17T08:00,45.8,46,8.4,0.0,1014.7,0
New York,40.71,-74.01,2025-10-17T09:00,45.6,48,7.0,0.0,1014.8,0
New York,40.71,-74.01,2025-10-17T10:00,43.2,58,1.4,0.0,1015.4,0
New York,40.71,-74.01,2025-10-17T11:00,43.5,55,8.3,0.0,1015.7,0
New York,40.71,-74.01,2025-10-17T12:00,46.0,52,12.5,0.0,1016.1,0
New York,40.71,-74.01,2025-10-17T13:00,49.4,53,16.7,0.0,1016.3,0
New York,40.71,-74.01,2025-10-17T14:00,53.5,46,18.4,0.0,1016.3,1
New York,40.71,-74.01,2025-10-17T15:00,56.6,40,19.7,0.0,1016.0,0
New York,40.71,-74.01,2025-10-17T16:00,59.0,36,16.5,0.0,1015.8,0
New York,40.71,-74.01,2025-10-17T17:00,61.7,35,14.6,0.0,1015.3,0
New York,40.71,-74.01,2025-10-17T18:00,63.9,29,14.3,0.0,1014.6,2
New York,40.71,-74.01,2025-10-17T19:00,64.8,32,14.1,0.0,1013.7,0
New York,40.71,-74.01,2025-10-17T20:00,65.7,33,14.3,0.0,1013.4,0
New York,40.71,-74.01,2025-10-17T21:00,65.1,28,12.2,0.0,1013.3,0
New York,40.71,-74.01,2025-10-17T22:00,62.1,34,4.7,0.0,1013.3,0
New York,40.71,-74.01,2025-10-17T23:00,59.6,32,3.2,0.0,1013.5,0
New York,40.71,-74.01,2025-10-18T00:00,56.7,32,6.1,0.0,1014.1,0
New York,40.71,-74.01,2025-10-18T01:00,53.7,42,4.1,0.0,1014.5,0
New York,40.71,-74.01,2025-10-18T02:00,53.3,40,3.5,0.0,1015.0,0
New York,40.71,-74.01,2025-10-18T03:00,51.2,46,4.0,0.0,1015.3,0
New York,40.71,-74.01,2025-10-18T04:00,49.7,55,5.9,0.0,1015.3,0
New York,40.71,-74.01,2025-10-18T05:00,49.2,48,4.3,0.0,1015.4,0
New York,40.71,-74.01,2025-10-18T06:00,49.5,43,4.4,0.0,1015.3,0
New York,40.71,-74.01,2025-10-18T07:00,47.3,53,2.8,0.0,1015.2,0
New York,40.71,-74.01,2025-10-18T08:00,46.5,53,5.0,0.0,1015.3,0
New York,40.71,-74.01,2025-10-18T09:00,45.9,61,4.5,0.0,1015.5,0
New York,40.71,-74.01,2025-10-18T10:00,45.6,64,4.2,0.0,1016.2,0
New York,40.71,-74.01,2025-10-18T11:00,46.0,62,2.6,0.0,1016.6,3
New York,40.71,-74.01,2025-10-18T12:00,47.8,67,1.8,0.0,1016.9,100
New York,40.71,-74.01,2025-10-18T13:00,52.2,62,5.1,0.0,1017.4,0
New York,40.71,-74.01,2025-10-18T14:00,56.2,58,5.8,0.0,1017.8,0
New York,40.71,-74.01,2025-10-18T15:00,60.6,47,4.0,0.0,1017.9,8
New York,40.71,-74.01,2025-10-18T16:00,63.4,44,1.3,0.0,1017.6,13
New York,40.71,-74.01,2025-10-18T17:00,64.9,36,4.1,0.0,1017.0,13
New York,40.71,-74.01,2025-10-18T18:00,64.5,38,9.2,0.0,1016.5,3
New York,40.71,-74.01,2025-10-18T19:00,64.8,40,10.2,0.0,1016.2,89
New York,40.71,-74.01,2025-10-18T20:00,66.0,35,8.3,0.0,1015.8,0
New York,40.71,-74.01,2025-10-18T21:00,65.9,33,7.0,0.0,1015.7,0
New York,40.71,-74.01,2025-10-18T22:00,61.9,48,9.1,0.0,1015.7,13
New York,40.71,-74.01,2025-10-18T23:00,59.8,57,6.4,0.0,1016.0,12
New York,40.71,-74.01,2025-10-19T00:00,59.0,57,4.7,0.0,1016.4,4
New York,40.71,-74.01,2025-10-19T01:00,57.0,71,4.8,0.0,1016.9,0
New York,40.71,-74.01,2025-10-19T02:00,56.2,75,7.4,0.0,1016.9,0
New York,40.71,-74.01,2025-10-19T03:00,55.5,79,7.4,0.0,1017.0,0
New York,40.71,-74.01,2025-10-19T04:00,55.5,78,10.6,0.0,1017.3,0
New York,40.71,-74.01,2025-10-19T05:00,54.2,67,4.6,0.0,1017.0,0
New York,40.71,-74.01,2025-10-19T06:00,54.0,63,8.1,0.0,1016.9,0
New York,40.71,-74.01,2025-10-19T07:00,52.2,77,4.7,0.0,1016.7,0
New York,40.71,-74.01,2025-10-19T08:00,51.2,82,4.7,0.0,1015.9,1
New York,40.71,-74.01,2025-10-19T09:00,50.8,81,7.5,0.0,1015.7,2
New York,40.71,-74.01,2025-10-19T10:00,50.9,84,6.5,0.0,1015.4,3
New York,40.71,-74.01,2025-10-19T11:00,51.7,84,3.8,0.0,1015.3,5
New York,40.71,-74.01,2025-10-19T12:00,54.2,86,3.3,0.0,1015.4,71
New York,40.71,-74.01,2025-10-19T13:00,63.3,78,9.0,0.0,1015.3,15
New York,40.71,-74.01,2025-10-19T14:00,67.0,74,20.7,0.0,1015.3,39
New York,40.71,-74.01,2025-10-19T15:00,67.8,73,20.5,0.0,1014.8,88
New York,40.71,-74.01,2025-10-19T16:00,70.1,71,23.0,0.0,1014.3,46
New York,40.71,-74.01,2025-10-19T17:00,71.1,71,26.9,0.0,1013.5,19
New York,40.71,-74.01,2025-10-19T18:00,71.0,72,28.2,0.0,1012.6,9
New York,40.71,-74.01,2025-10-19T19:00,70.9,76,25.7,0.0,1012.0,12
New York,40.71,-74.01,2025-10-19T20:00,69.3,79,29.0,0.0,1011.5,28
New York,40.71,-74.01,2025-10-19T21:00,67.0,85,27.9,0.0,1010.9,100
New York,40.71,-74.01,2025-10-19T22:00,66.3,82,22.5,0.0,1010.9,96
New York,40.71,-74.01,2025-10-19T23:00,65.7,81,20.1,0.0,1010.5,100
Philadelphia,39.95,-75.17,2025-10-13T00:00,56.9,89,25.3,0.0,1014.5,100
Philadelphia,39.95,-75.17,2025-10-13T01:00,56.4,89,20.0,0.1,1014.3,100
Philadelphia,39.95,-75.17,2025-10-13T02:00,56.1,91,18.5,0.2,1014.1,100
Philadelphia,39.95,-75.17,2025-10-13T03:00,56.2,89,22.1,0.0,1013.2,100
Philadelphia,39.95,-75.17,2025-10-13T04:00,56.5,89,24.4,0.0,1012.4,100
Philadelphia,39.95,-75.17,2025-10-13T05:00,56.7,89,18.5,0.0,1012.0,100
Philadelphia,39.95,-75.17,2025-10-13T06:00,57.1,89,22.0,0.0,1011.7,100
Philadelphia,39.95,-75.17,2025-10-13T07:00,56.8,91,22.9,0.3,1011.3,100
Philadelphia,39.95,-75.17,2025-10-13T08:00,56.6,90,23.2,0.0,1011.0,100
Philadelphia,39.95,-75.17,2025-10-13T09:00,56.3,90,22.1,0.1,1011.2,100
Philadelphia,39.95,-75.17,2025-10-13T10:00,56.0,88,20.7,0.0,1011.2,100
Philadelphia,39.95,-75.17,2025-10-13T11:00,55.6,89,21.3,0.0,1010.9,100
Philadelphia,39.95,-75.17,2025-10-13T12:00,54.6,90,19.1,0.1,1011.4,100
Philadelphia,39.95,-75.17,2025-10-13T13:00,54.3,92,23.1,0.0,1011.2,100
Philadelphia,39.95,-75.17,2025-10-13T14:00,54.9,93,24.5,0.1,1011.2,100
Philadelphia,39.95,-75.17,2025-10-13T15:00,55.1,93,24.1,0.0,1011.2,100
Philadelphia,39.95,-75.17,2025-10-13T16:00,56.7,90,25.2,0.1,1011.0,100
Philadelphia,39.95,-75.17,2025-10-13T17:00,56.9,92,22.9,0.0,1010.7,100
Philadelphia,39.95,-75.17,2025-10-13T18:00,56.7,91,25.3,0.2,1010.0,100
Philadelphia,39.95,-75.17,2025-10-13T19:00,57.3,95,25.3,0.0,1010.1,100
Philadelphia,39.95,-75.17,2025-10-13T20:00,57.5,92,23.9,0.0,1010.3,100
Philadelphia,39.95,-75.17,2025-10-13T21:00,57.2,92,23.5,0.0,1010.5,100
Philadelphia,39.95,-75.17,2025-10-13T22:00,57.5,92,22.1,0.0,1011.1,100
Philadelphia,39.95,-75.17,2025-10-13T23:00,57.3,92,24.1,0.0,1011.5,99
Philadelphia,39.95,-75.17,2025-10-14T00:00,57.4,90,17.6,0.0,1012.5,99
Philadelphia,39.95,-75.17,2025-10-14T01:00,56.7,91,19.0,0.0,1012.6,100
Philadelphia,39.95,-75.17,2025-10-14T02:00,56.2,90,19.8,0.0,1013.0,100
Philadelphia,39.95,-75.17,2025-10-14T03:00,56.1,92,19.0,0.0,1013.6,100
Philadelphia,39.95,-75.17,2025-10-14T04:00,56.8,90,19.3,0.0,1013.6,100
Philadelphia,39.95,-75.17,2025-10-14T05:00,56.1,92,17.9,0.0,1013.8,99
Philadelphia,39.95,-75.17,2025-10-14T06:00,55.4,92,15.9,0.0,1014.0,99
Philadelphia,39.95,-75.17,2025-10-14T07:00,55.3,90,16.7,0.0,1014.1,100
Philadelphia,39.95,-75.17,2025-10-14T08:00,55.3,91,13.7,0.0,1014.6,19
Philadelphia,39.95,-75.17,2025-10-14T09:00,55.1,95,14.4,0.0,1015.1,100
Philadelphia,39.95,-75.17,2025-10-14T10:00,55.1,93,11.5,0.0,1015.6,100
Philadelphia,39.95,-75.17,2025-10-14T11:00,54.9,92,15.5,0.0,1016.3,100
Philadelphia,39.95,-75.17,2025-10-14T12:00,54.9,92,13.0,0.0,1017.1,100
Philadelphia,39.95,-75.17,2025-10-14T13:00,55.1,93,13.2,0.0,1017.7,100
Philadelphia,39.95,-75.17,2025-10-14T14:00,56.6,93,15.2,0.0,1017.7,100
Philadelphia,39.95,-75.17,2025-10-14T15:00,57.6,90,14.4,0.0,1017.7,100
Philadelphia,39.95,-75.17,2025-10-14T16:00,60.3,86,14.8,0.0,1017.5,100
Philadelphia,39.95,-75.17,2025-10-14T17:00,62.5,78,14.8,0.0,1017.0,100
Philadelphia,39.95,-75.17,2025-10-14T18:00,65.0,76,14.0,0.0,1016.3,100
Philadelphia,39.95,-75.17,2025-10-14T19:00,67.8,67,16.0,0.0,1015.9,100
Philadelphia,39.95,-75.17,2025-10-14T20:00,66.6,64,18.8,0.0,1016.0,100
Philadelphia,39.95,-75.17,2025-10-14T21:00,65.6,64,17.7,0.0,1016.4,100
Philadelphia,39.95,-75.17,2025-10-14T22:00,63.8,71,16.1,0.0,1017.1,8
Philadelphia,39.95,-75.17,2025-10-14T23:00,62.6,70,13.5,0.0,1017.4,100
Philadelphia,39.95,-75.17,2025-10-15T00:00,63.5,71,12.2,0.0,1017.5,100
Philadelphia,39.95,-75.17,2025-10-15T01:00,64.0,63,13.9,0.0,1017.9,100
Philadelphia,39.95,-75.17,2025-10-15T02:00,63.5,67,17.2,0.0,1018.0,100
Philadelphia,39.95,-75.17,2025-10-15T03:00,62.8,67,12.4,0.0,1017.8,100
Philadelphia,39.95,-75.17,2025-10-15T04:00,61.3,70,13.3,0.0,1017.7,84
Philadelphia,39.95,-75.17,2025-10-15T05:00,62.2,72,13.4,0.0,1017.3,47
Philadelphia,39.95,-75.17,2025-10-15T06:00,60.7,68,13.6,0.0,1017.1,0
Philadelphia,39.95,-75.17,2025-10-15T07:00,58.1,76,11.1,0.0,1016.9,16
Philadelphia,39.95,-75.17,2025-10-15T08:00,57.5,76,8.5,0.0,1016.5,3
Philadelphia,39.95,-75.17,2025-10-15T09:00,57.1,73,10.2,0.0,1016.5,7
Philadelphia,39.95,-75.17,2025-10-15T10:00,57.2,76,7.2,0.0,1016.5,100
Philadelphia,39.95,-75.17,2025-10-15T11:00,56.9,76,7.4,0.0,1016.4,7
Philadelphia,39.95,-75.17,2025-10-15T12:00,57.6,77,4.6,0.0,1016.3,12
Philadelphia,39.95,-75.17,2025-10-15T13:00,61.3,74,13.5,0.0,1016.6,65
Philadelphia,39.95,-75.17,2025-10-15T14:00,63.0,68,17.5,0.0,1016.4,2
Philadelphia,39.95,-75.17,2025-10-15T15:00,66.0,68,12.7,0.0,1016.1,70
Philadelphia,39.95,-75.17,2025-10-15T16:00,67.5,69,14.3,0.0,1015.9,34
Philadelphia,39.95,-75.17,2025-10-15T17:00,69.5,67,14.2,0.0,1015.0,16
Philadelphia,39.95,-75.17,2025-10-15T18:00,70.3,61,18.6,0.0,1014.0,72
Philadelphia,39.95,-75.17,2025-10-15T19:00,69.4,58,18.9,0.0,1013.6,3
Philadelphia,39.95,-75.17,2025-10-15T20:00,68.4,47,18.4,0.0,1013.7,0
Philadelphia,39.95,-75.17,2025-10-15T21:00,66.8,50,17.6,0.0,1013.6,0
Philadelphia,39.95,-75.17,2025-10-15T22:00,66.5,43,13.9,0.0,1013.5,0
Philadelphia,39.95,-75.17,2025-10-15T23:00,63.5,42,8.4,0.0,1014.0,0
Philadelphia,39.95,-75.17,2025-10-16T00:00,61.8,42,10.0,0.0,1014.2,0
Philadelphia,39.95,-75.17,2025-10-16T01:00,60.3,42,17.9,0.0,1015.0,0
Philadelphia,39.95,-75.17,2025-10-16T02:00,58.9,42,17.6,0.0,1015.5,13
Philadelphia,39.95,-75.17,2025-10-16T03:00,57.5,44,14.6,0.0,1015.6,8
Philadelphia,39.95,-75.17,2025-10-16T04:00,55.7,47,10.6,0.0,1015.9,0
Philadelphia,39.95,-75.17,2025-10-16T05:00,53.9,51,14.3,0.0,1015.9,0
Philadelphia,39.95,-75.17,2025-10-16T06:00,52.7,45,15.7,0.0,1016.1,0
Philadelphia,39.95,-75.17,2025-10-16T07:00,50.5,53,10.0,0.0,1016.1,0
Philadelphia,39.95,-75.17,2025-10-16T08:00,48.5,59,5.1,0.0,1016.0,0
Philadelphia,39.95,-75.17,2025-10-16T09:00,47.2,61,7.9,0.0,1016.2,0
Philadelphia,39.95,-75.17,2025-10-16T10:00,46.1,63,4.1,0.0,1016.1,0
Philadelphia,39.95,-75.17,2025-10-16T11:00,45.5,68,6.2,0.0,1016.0,0
Philadelphia,39.95,-75.17,2025-10-16T12:00,47.1,65,10.3,0.0,1016.2,0
Philadelphia,39.95,-75.17,2025-10-16T13:00,50.2,57,18.9,0.0,1016.3,0
Philadelphia,39.95,-75.17,2025-10-16T14:00,53.4,47,22.6,0.0,1016.3,0
Philadelphia,39.95,-75.17,2025-10-16T15:00,55.8,38,22.9,0.0,1016.3,0
Philadelphia,39.95,-75.17,2025-10-16T16:00,58.4,34,21.5,0.0,1015.8,0
Philadelphia,39.95,-75.17,2025-10-16T17:00,61.6,25,22.4,0.0,1014.9,0
Philadelphia,39.95,-75.17,2025-10-16T18:00,62.8,25,24.7,0.0,1014.0,0
Philadelphia,39.95,-75.17,2025-10-16T19:00,63.4,22,23.1,0.0,1013.6,0
Philadelphia,39.95,-75.17,2025-10-16T20:00,62.9,23,25.0,0.0,1013.2,0
Philadelphia,39.95,-75.17,2025-10-16T21:00,62.5,25,23.0,0.0,1013.5,0
Philadelphia,39.95,-75.17,2025-10-16T22:00,59.8,23,20.4,0.0,1013.7,0
Philadelphia,39.95,-75.17,2025-10-16T23:00,57.6,31,14.0,0.0,1014.5,0
Philadelphia,39.95,-75.17,2025-10-17T00:00,56.9,28,19.3,0.0,1014.9,0
Philadelphia,39.95,-75.17,2025-10-17T01:00,55.2,31,15.5,0.0,1015.3,0
Philadelphia,39.95,-75.17,2025-10-17T02:00,53.8,36,14.8,0.0,1016.1,0
Philadelphia,39.95,-75.17,2025-10-17T03:00,52.1,42,13.0,0.0,1016.3,0
Philadelphia,39.95,-75.17,2025-10-17T04:00,50.7,46,7.7,0.0,1016.2,0
Philadelphia,39.95,-75.17,2025-10-17T05:00,49.5,48,10.9,0.0,1016.2,0
Philadelphia,39.95,-75.17,2025-10-17T06:00,47.2,55,8.1,0.0,1016.1,0
Philadelphia,39.95,-75.17,2025-10-17T07:00,46.8,57,13.5,0.0,1016.2,0
Philadelphia,39.95,-75.17,2025-10-17T08:00,46.0,58,10.7,0.0,1016.0,0
Philadelphia,39.95,-75.17,2025-10-17T09:00,45.8,57,7.9,0.0,1016.2,0
Philadelphia,39.95,-75.17,2025-10-17T10:00,44.9,58,8.9,0.0,1016.6,0
Philadelphia,39.95,-75.17,2025-10-17T11:00,44.5,56,9.5,0.0,1017.1,0
Philadelphia,39.95,-75.17,2025-10-17T12:00,46.3,56,7.9,0.0,1017.4,0
Philadelphia,39.95,-75.17,2025-10-17T13:00,50.7,53,10.0,0.0,1017.6,0
Philadelphia,39.95,-75.17,2025-10-17T14:00,53.6,51,13.8,0.0,1017.7,0
Philadelphia,39.95,-75.17,2025-10-17T15:00,56.8,47,15.0,0.0,1017.2,0
Philadelphia,39.95,-75.17,2025-10-17T16:00,59.5,40,15.0,0.0,1017.1,0
Philadelphia,39.95,-75.17,2025-10-17T17:00,62.1,41,14.1,0.0,1016.7,0
Philadelphia,39.95,-75.17,2025-10-17T18:00,63.4,33,13.2,0.0,1015.7,3
Philadelphia,39.95,-75.17,2025-10-17T19:00,64.7,36,12.0,0.0,1015.0,0
Philadelphia,39.95,-75.17,2025-10-17T20:00,64.9,32,12.9,0.0,1014.7,16
Philadelphia,39.95,-75.17,2025-10-17T21:00,64.2,30,15.1,0.0,1014.6,0
Philadelphia,39.95,-75.17,2025-10-17T22:00,61.6,33,10.4,0.0,1014.8,0
Philadelphia,39.95,-75.17,2025-10-17T23:00,58.4,41,5.0,0.0,1014.9,6
Philadelphia,39.95,-75.17,2025-10-18T00:00,56.6,40,3.9,0.0,1015.3,0
Philadelphia,39.95,-75.17,2025-10-18T01:00,53.6,48,4.0,0.0,1015.9,0
Philadelphia,39.95,-75.17,2025-10-18T02:00,52.8,51,4.3,0.0,1015.9,1
Philadelphia,39.95,-75.17,2025-10-18T03:00,51.2,57,1.4,0.0,1016.0,0
Philadelphia,39.95,-75.17,2025-10-18T04:00,49.8,60,1.1,0.0,1015.9,0
Philadelphia,39.95,-75.17,2025-10-18T05:00,48.6,62,2.8,0.0,1015.8,0
Philadelphia,39.95,-75.17,2025-10-18T06:00,48.5,60,2.6,0.0,1015.8,0
Philadelphia,39.95,-75.17,2025-10-18T07:00,47.5,66,4.4,0.0,1015.9,0
Philadelphia,39.95,-75.17,2025-10-18T08:00,46.7,69,3.2,0.0,1016.0,0
Philadelphia,39.95,-75.17,2025-10-18T09:00,46.1,74,1.5,0.0,1016.4,0
Philadelphia,39.95,-75.17,2025-10-18T10:00,46.4,77,1.8,0.0,1016.5,0
Philadelphia,39.95,-75.17,2025-10-18T11:00,47.4,77,1.0,0.0,1016.8,1
Philadelphia,39.95,-75.17,2025-10-18T12:00,49.4,77,1.1,0.0,1016.9,13
Philadelphia,39.95,-75.17,2025-10-18T13:00,53.4,72,1.9,0.0,1017.8,1
Philadelphia,39.95,-75.17,2025-10-18T14:00,58.5,54,1.5,0.0,1018.2,46
Philadelphia,39.95,-75.17,2025-10-18T15:00,62.2,48,1.6,0.0,1018.1,2
Philadelphia,39.95,-75.17,2025-10-18T16:00,65.0,42,5.2,0.0,1017.8,12
Philadelphia,39.95,-75.17,2025-10-18T17:00,66.8,41,7.6,0.0,1017.2,45
Philadelphia,39.95,-75.17,2025-10-18T18:00,68.1,40,8.9,0.0,1016.5,55
Philadelphia,39.95,-75.17,2025-10-18T19:00,69.6,42,7.6,0.0,1016.1,57
Philadelphia,39.95,-75.17,2025-10-18T20:00,69.8,42,7.6,0.0,1015.5,15
Philadelphia,39.95,-75.17,2025-10-18T21:00,69.4,41,8.6,0.0,1015.4,0
Philadelphia,39.95,-75.17,2025-10-18T22:00,67.9,41,5.9,0.0,1015.4,53
Philadelphia,39.95,-75.17,2025-10-18T23:00,64.2,46,4.8,0.0,1015.5,8
Philadelphia,39.95,-75.17,2025-10-19T00:00,62.2,50,3.9,0.0,1016.3,0
Philadelphia,39.95,-75.17,2025-10-19T01:00,59.4,62,7.2,0.0,1016.5,2
Philadelphia,39.95,-75.17,2025-10-19T02:00,57.6,63,1.4,0.0,1016.7,0
Philadelphia,39.95,-75.17,2025-10-19T03:00,55.4,67,1.8,0.0,1016.8,0
Philadelphia,39.95,-75.17,2025-10-19T04:00,54.0,69,3.1,0.0,1016.8,0
Philadelphia,39.95,-75.17,2025-10-19T05:00,51.3,83,7.4,0.0,1016.5,2
Philadelphia,39.95,-75.17,2025-10-19T06:00,51.1,85,4.6,0.0,1016.6,0
Philadelphia,39.95,-75.17,2025-10-19T07:00,50.6,85,4.2,0.0,1016.3,1
Philadelphia,39.95,-75.17,2025-10-19T08:00,50.2,90,0.8,0.0,1015.3,1
Philadelphia,39.95,-75.17,2025-10-19T09:00,49.9,93,3.6,0.0,1015.0,13
Philadelphia,39.95,-75.17,2025-10-19T10:00,50.3,91,5.2,0.0,1014.8,5
Philadelphia,39.95,-75.17,2025-10-19T11:00,51.5,86,5.2,0.0,1014.6,2
Philadelphia,39.95,-75.17,2025-10-19T12:00,53.9,86,6.1,0.0,1014.4,27
Philadelphia,39.95,-75.17,2025-10-19T13:00,59.1,92,3.6,0.0,1014.6,72
Philadelphia,39.95,-75.17,2025-10-19T14:00,65.2,84,13.0,0.0,1014.5,22
Philadelphia,39.95,-75.17,2025-10-19T15:00,67.8,82,17.7,0.0,1013.9,50
Philadelphia,39.95,-75.17,2025-10-19T16:00,71.1,71,16.3,0.0,1013.4,9
Philadelphia,39.95,-75.17,2025-10-19T17:00,74.4,67,18.9,0.0,1012.3,19
Philadelphia,39.95,-75.17,2025-10-19T18:00,75.6,57,23.4,0.0,1011.3,100
Philadelphia,39.95,-75.17,2025-10-19T19:00,75.6,59,21.1,0.0,1010.7,4
Philadelphia,39.95,-75.17,2025-10-19T20:00,74.8,61,22.4,0.0,1009.8,4
Philadelphia,39.95,-75.17,2025-10-19T21:00,72.8,61,20.2,0.0,1009.3,1
Philadelphia,39.95,-75.17,2025-10-19T22:00,69.3,64,18.9,0.0,1008.9,0
Philadelphia,39.95,-75.17,2025-10-19T23:00,67.2,70,15.2,0.0,1009.2,0
Miami,25.76,-80.19,2025-10-13T00:00,77.8,73,8.4,0.3,1008.4,100
Miami,25.76,-80.19,2025-10-13T01:00,76.4,87,7.6,0.0,1009.2,100
Miami,25.76,-80.19,2025-10-13T02:00,75.2,90,7.2,0.0,1009.3,100
Miami,25.76,-80.19,2025-10-13T03:00,74.2,92,9.1,0.1,1009.6,100
Miami,25.76,-80.19,2025-10-13T04:00,75.0,92,10.1,0.0,1009.7,50
Miami,25.76,-80.19,2025-10-13T05:00,73.9,90,7.0,0.0,1009.6,100
Miami,25.76,-80.19,2025-10-13T06:00,74.7,93,5.8,0.0,1009.7,15
Miami,25.76,-80.19,2025-10-13T07:00,73.9,94,6.8,0.0,1009.5,18
Miami,25.76,-80.19,2025-10-13T08:00,73.9,94,6.5,0.0,1009.7,32
Miami,25.76,-80.19,2025-10-13T09:00,73.0,91,5.5,0.0,1009.8,0
Miami,25.76,-80.19,2025-10-13T10:00,72.7,92,6.1,0.0,1010.1,5
Miami,25.76,-80.19,2025-10-13T11:00,72.6,89,7.8,0.0,1010.5,0
Miami,25.76,-80.19,2025-10-13T12:00,73.1,91,5.2,0.0,1011.0,8
Miami,25.76,-80.19,2025-10-13T13:00,77.0,86,9.8,0.0,1011.8,77
Miami,25.76,-80.19,2025-10-13T14:00,80.6,80,9.7,0.0,1012.6,50
Miami,25.76,-80.19,2025-10-13T15:00,82.8,81,13.5,0.0,1013.0,6
Miami,25.76,-80.19,2025-10-13T16:00,83.3,82,11.3,0.0,1012.6,7
Miami,25.76,-80.19,2025-10-13T17:00,83.1,79,16.5,0.0,1012.3,15
Miami,25.76,-80.19,2025-10-13T18:00,82.6,78,20.2,0.0,1011.6,21
Miami,25.76,-80.19,2025-10-13T19:00,82.6,76,18.4,0.0,1011.3,1
Miami,25.76,-80.19,2025-10-13T20:00,81.6,83,19.9,0.0,1011.4,7
Miami,25.76,-80.19,2025-10-13T21:00,81.2,80,18.1,0.0,1011.3,2
Miami,25.76,-80.19,2025-10-13T22:00,78.8,82,16.4,0.0,1011.4,10
Miami,25.76,-80.19,2025-10-13T23:00,78.1,74,15.5,0.0,1011.9,56
Miami,25.76,-80.19,2025-10-14T00:00,77.1,73,12.6,0.0,1012.2,2
Miami,25.76,-80.19,2025-10-14T01:00,76.6,77,13.2,0.0,1012.4,1
Miami,25.76,-80.19,2025-10-14T02:00,76.7,75,9.6,0.0,1013.0,14
Miami,25.76,-80.19,2025-10-14T03:00,75.7,78,10.2,0.0,1013.3,1
Miami,25.76,-80.19,2025-10-14T04:00,75.9,78,8.6,0.0,1013.4,4
Miami,25.76,-80.19,2025-10-14T05:00,75.4,78,9.1,0.0,1013.3,47
Miami,25.76,-80.19,2025-10-14T06:00,75.4,80,10.8,0.0,1013.1,0
Miami,25.76,-80.19,2025-10-14T07:00,74.6,81,8.6,0.0,1012.7,6
Miami,25.76,-80.19,2025-10-14T08:00,74.5,81,9.4,0.0,1012.4,4
Miami,25.76,-80.19,2025-10-14T09:00,73.7,82,9.7,0.0,1012.3,4
Miami,25.76,-80.19,2025-10-14T10:00,73.4,80,8.2,0.0,1012.8,0
Miami,25.76,-80.19,2025-10-14T11:00,72.4,80,9.7,0.0,1013.3,99
Miami,25.76,-80.19,2025-10-14T12:00,72.4,80,8.1,0.0,1013.8,5
Miami,25.76,-80.19,2025-10-14T13:00,76.9,80,10.6,0.0,1014.4,0
Miami,25.76,-80.19,2025-10-14T14:00,81.3,74,10.5,0.0,1014.8,10
Miami,25.76,-80.19,2025-10-14T15:00,81.5,74,16.6,0.0,1014.7,100
Miami,25.76,-80.19,2025-10-14T16:00,82.5,71,20.7,0.0,1014.9,100
Miami,25.76,-80.19,2025-10-14T17:00,82.0,66,16.6,0.0,1014.4,17
Miami,25.76,-80.19,2025-10-14T18:00,82.4,66,19.5,0.0,1013.2,100
Miami,25.76,-80.19,2025-10-14T19:00,82.8,67,18.8,0.0,1012.4,11
Miami,25.76,-80.19,2025-10-14T20:00,81.9,61,15.3,0.0,1012.3,15
Miami,25.76,-80.19,2025-10-14T21:00,80.7,66,15.2,0.0,1012.4,1
Miami,25.76,-80.19,2025-10-14T22:00,79.1,69,12.1,0.0,1012.5,10
Miami,25.76,-80.19,2025-10-14T23:00,77.1,69,9.8,0.0,1012.7,0
Miami,25.76,-80.19,2025-10-15T00:00,76.0,74,6.0,0.0,1013.0,67
Miami,25.76,-80.19,2025-10-15T01:00,75.9,76,5.2,0.0,1013.4,6
Miami,25.76,-80.19,2025-10-15T02:00,74.6,79,7.3,0.0,1013.7,0
Miami,25.76,-80.19,2025-10-15T03:00,74.3,74,13.1,0.0,1013.6,4
Miami,25.76,-80.19,2025-10-15T04:00,73.0,81,9.0,0.0,1013.7,4
Miami,25.76,-80.19,2025-10-15T05:00,73.4,79,8.7,0.0,1013.2,11
Miami,25.76,-80.19,2025-10-15T06:00,72.6,77,11.8,0.0,1012.7,33
Miami,25.76,-80.19,2025-10-15T07:00,71.4,83,9.0,0.0,1012.1,0
Miami,25.76,-80.19,2025-10-15T08:00,71.2,86,8.4,0.0,1011.7,3
Miami,25.76,-80.19,2025-10-15T09:00,72.5,88,6.6,0.0,1011.6,100
Miami,25.76,-80.19,2025-10-15T10:00,72.2,85,7.6,0.0,1011.9,50
Miami,25.76,-80.19,2025-10-15T11:00,71.0,82,9.7,0.0,1012.3,68
Miami,25.76,-80.19,2025-10-15T12:00,71.7,84,7.5,0.0,1012.7,2
Miami,25.76,-80.19,2025-10-15T13:00,76.5,80,6.9,0.0,1013.1,1
Miami,25.76,-80.19,2025-10-15T14:00,81.2,59,11.5,0.0,1013.1,3
Miami,25.76,-80.19,2025-10-15T15:00,80.9,72,12.4,0.0,1013.4,77
Miami,25.76,-80.19,2025-10-15T16:00,81.1,70,13.3,0.0,1013.0,1
Miami,25.76,-80.19,2025-10-15T17:00,82.7,54,14.0,0.0,1012.5,100
Miami,25.76,-80.19,2025-10-15T18:00,82.0,67,15.7,0.0,1011.8,100
Miami,25.76,-80.19,2025-10-15T19:00,82.4,56,14.5,0.0,1010.7,91
Miami,25.76,-80.19,2025-10-15T20:00,81.6,64,14.4,0.0,1010.3,100
Miami,25.76,-80.19,2025-10-15T21:00,79.6,70,15.7,0.0,1010.3,100
Miami,25.76,-80.19,2025-10-15T22:00,77.4,67,12.2,0.0,1010.4,22
Miami,25.76,-80.19,2025-10-15T23:00,75.8,71,10.5,0.0,1010.8,2
Miami,25.76,-80.19,2025-10-16T00:00,75.5,70,7.9,0.0,1011.3,40
Miami,25.76,-80.19,2025-10-16T01:00,74.4,72,7.9,0.0,1011.7,90
Miami,25.76,-80.19,2025-10-16T02:00,73.5,78,11.8,0.0,1012.0,43
Miami,25.76,-80.19,2025-10-16T03:00,72.9,80,9.5,0.0,1011.9,100
Miami,25.76,-80.19,2025-10-16T04:00,73.6,85,6.4,0.0,1011.8,83
Miami,25.76,-80.19,2025-10-16T05:00,72.5,83,7.2,0.0,1011.4,2
Miami,25.76,-80.19,2025-10-16T06:00,71.3,82,8.5,0.0,1011.0,0
Miami,25.76,-80.19,2025-10-16T07:00,70.9,80,7.0,0.0,1010.8,0
Miami,25.76,-80.19,2025-10-16T08:00,70.3,86,9.8,0.0,1010.7,22
Miami,25.76,-80.19,2025-10-16T09:00,70.7,91,4.6,0.0,1010.7,58
Miami,25.76,-80.19,2025-10-16T10:00,70.9,88,8.5,0.0,1011.2,29
Miami,25.76,-80.19,2025-10-16T11:00,70.4,86,6.6,0.0,1011.2,100
Miami,25.76,-80.19,2025-10-16T12:00,71.3,85,2.3,0.0,1011.3,91
Miami,25.76,-80.19,2025-10-16T13:00,73.7,84,12.0,0.0,1011.7,95
Miami,25.76,-80.19,2025-10-16T14:00,74.3,84,11.6,0.0,1012.0,100
Miami,25.76,-80.19,2025-10-16T15:00,78.1,77,4.2,0.0,1011.8,77
Miami,25.76,-80.19,2025-10-16T16:00,80.2,80,6.5,0.0,1011.6,38
Miami,25.76,-80.19,2025-10-16T17:00,80.8,78,9.2,0.0,1011.1,36
Miami,25.76,-80.19,2025-10-16T18:00,82.0,79,13.0,0.0,1010.4,100
Miami,25.76,-80.19,2025-10-16T19:00,84.7,56,16.1,0.0,1009.9,100
Miami,25.76,-80.19,2025-10-16T20:00,83.3,58,14.2,0.0,1009.0,100
Miami,25.76,-80.19,2025-10-16T21:00,80.3,57,15.0,0.0,1008.9,13
Miami,25.76,-80.19,2025-10-16T22:00,78.7,65,16.3,0.0,1009.3,0
Miami,25.76,-80.19,2025-10-16T23:00,76.8,64,10.5,0.0,1009.7,0
Miami,25.76,-80.19,2025-10-17T00:00,74.8,72,8.1,0.0,1010.2,1
Miami,25.76,-80.19,2025-10-17T01:00,75.1,75,5.3,0.0,1010.6,66
Miami,25.76,-80.19,2025-10-17T02:00,74.7,79,8.9,0.0,1011.2,37
Miami,25.76,-80.19,2025-10-17T03:00,73.9,76,8.3,0.0,1011.4,28
Miami,25.76,-80.19,2025-10-17T04:00,72.2,82,6.3,0.0,1011.3,0
Miami,25.76,-80.19,2025-10-17T05:00,72.0,84,6.0,0.0,1011.0,0
Miami,25.76,-80.19,2025-10-17T06:00,72.2,80,11.7,0.0,1010.9,4
Miami,25.76,-80.19,2025-10-17T07:00,72.1,77,9.0,0.0,1010.6,43
Miami,25.76,-80.19,2025-10-17T08:00,71.4,86,9.8,0.0,1010.7,15
Miami,25.76,-80.19,2025-10-17T09:00,71.5,86,7.6,0.0,1011.0,100
Miami,25.76,-80.19,2025-10-17T10:00,73.1,83,0.5,0.0,1011.4,100
Miami,25.76,-80.19,2025-10-17T11:00,73.1,74,8.5,0.0,1011.9,42
Miami,25.76,-80.19,2025-10-17T12:00,73.8,73,9.8,0.0,1012.5,50
Miami,25.76,-80.19,2025-10-17T13:00,78.4,72,8.9,0.0,1012.9,44
Miami,25.76,-80.19,2025-10-17T14:00,79.3,68,17.3,0.0,1013.7,100
Miami,25.76,-80.19,2025-10-17T15:00,79.9,62,22.5,0.0,1014.1,100
Miami,25.76,-80.19,2025-10-17T16:00,81.1,59,21.7,0.0,1014.4,50
Miami,25.76,-80.19,2025-10-17T17:00,81.2,59,20.9,0.0,1014.1,100
Miami,25.76,-80.19,2025-10-17T18:00,80.7,66,22.3,0.0,1013.5,100
Miami,25.76,-80.19,2025-10-17T19:00,81.1,64,24.6,0.0,1013.1,100
Miami,25.76,-80.19,2025-10-17T20:00,80.2,63,20.8,0.0,1012.8,7
Miami,25.76,-80.19,2025-10-17T21:00,79.2,62,19.0,0.0,1012.6,100
Miami,25.76,-80.19,2025-10-17T22:00,77.0,61,17.5,0.0,1012.8,39
Miami,25.76,-80.19,2025-10-17T23:00,75.0,63,13.4,0.0,1013.1,50
Miami,25.76,-80.19,2025-10-18T00:00,74.6,64,10.0,0.0,1013.4,81
Miami,25.76,-80.19,2025-10-18T01:00,73.9,66,9.5,0.0,1013.9,57
Miami,25.76,-80.19,2025-10-18T02:00,73.4,65,11.5,0.0,1014.5,6
Miami,25.76,-80.19,2025-10-18T03:00,72.2,64,13.0,0.0,1014.8,6
Miami,25.76,-80.19,2025-10-18T04:00,72.1,73,12.0,0.0,1014.4,23
Miami,25.76,-80.19,2025-10-18T05:00,71.5,69,11.5,0.0,1014.1,0
Miami,25.76,-80.19,2025-10-18T06:00,71.1,70,9.9,0.0,1014.1,0
Miami,25.76,-80.19,2025-10-18T07:00,71.5,68,11.5,0.0,1013.8,1
Miami,25.76,-80.19,2025-10-18T08:00,70.8,70,10.4,0.0,1013.6,2
Miami,25.76,-80.19,2025-10-18T09:00,71.3,73,8.5,0.0,1013.8,3
Miami,25.76,-80.19,2025-10-18T10:00,71.5,73,8.3,0.0,1014.2,4
Miami,25.76,-80.19,2025-10-18T11:00,71.1,68,7.6,0.0,1015.0,11
Miami,25.76,-80.19,2025-10-18T12:00,71.5,70,5.6,0.0,1015.8,13
Miami,25.76,-80.19,2025-10-18T13:00,76.0,67,7.9,0.0,1016.3,4
Miami,25.76,-80.19,2025-10-18T14:00,79.6,57,14.0,0.0,1016.9,13
Miami,25.76,-80.19,2025-10-18T15:00,80.5,60,15.2,0.0,1017.1,96
Miami,25.76,-80.19,2025-10-18T16:00,80.3,64,17.3,0.0,1017.2,40
Miami,25.76,-80.19,2025-10-18T17:00,82.0,59,16.3,0.0,1016.7,33
Miami,25.76,-80.19,2025-10-18T18:00,82.7,58,14.2,0.0,1016.3,95
Miami,25.76,-80.19,2025-10-18T19:00,82.3,57,17.6,0.0,1015.7,54
Miami,25.76,-80.19,2025-10-18T20:00,82.3,53,15.3,0.0,1015.2,11
Miami,25.76,-80.19,2025-10-18T21:00,82.0,54,16.8,0.0,1015.2,20
Miami,25.76,-80.19,2025-10-18T22:00,80.4,59,13.4,0.0,1015.4,19
Miami,25.76,-80.19,2025-10-18T23:00,76.0,69,12.1,0.0,1015.6,9
Miami,25.76,-80.19,2025-10-19T00:00,75.5,68,12.5,0.0,1016.2,33
Miami,25.76,-80.19,2025-10-19T01:00,75.4,71,10.9,0.0,1016.8,49
Miami,25.76,-80.19,2025-10-19T02:00,74.8,72,10.1,0.0,1016.9,2
Miami,25.76,-80.19,2025-10-19T03:00,74.5,71,11.5,0.0,1017.2,5
Miami,25.76,-80.19,2025-10-19T04:00,74.5,74,13.7,0.0,1017.0,1
Miami,25.76,-80.19,2025-10-19T05:00,74.7,72,11.4,0.0,1016.5,0
Miami,25.76,-80.19,2025-10-19T06:00,75.7,74,15.5,0.0,1015.9,25
Miami,25.76,-80.19,2025-10-19T07:00,75.6,71,13.2,0.0,1015.4,0
Miami,25.76,-80.19,2025-10-19T08:00,74.8,73,11.6,0.0,1015.3,0
Miami,25.76,-80.19,2025-10-19T09:00,75.5,77,11.6,0.0,1015.1,8
Miami,25.76,-80.19,2025-10-19T10:00,75.7,73,11.3,0.0,1015.4,48
Miami,25.76,-80.19,2025-10-19T11:00,75.1,75,8.6,0.0,1016.3,7
Miami,25.76,-80.19,2025-10-19T12:00,76.6,72,11.8,0.0,1016.6,13
Miami,25.76,-80.19,2025-10-19T13:00,79.7,77,13.3,0.0,1017.0,73
Miami,25.76,-80.19,2025-10-19T14:00,81.2,80,17.4,0.0,1017.3,19
Miami,25.76,-80.19,2025-10-19T15:00,82.3,82,20.1,0.0,1017.4,100
Miami,25.76,-80.19,2025-10-19T16:00,82.5,81,20.8,0.0,1017.2,100
Miami,25.76,-80.19,2025-10-19T17:00,83.4,79,16.9,0.0,1016.6,100
Miami,25.76,-80.19,2025-10-19T18:00,83.6,75,16.9,0.0,1016.0,100
Miami,25.76,-80.19,2025-10-19T19:00,83.4,80,17.0,0.0,1015.6,25
Miami,25.76,-80.19,2025-10-19T20:00,81.3,87,14.2,0.0,1015.3,93
Miami,25.76,-80.19,2025-10-19T21:00,80.9,87,14.2,0.0,1015.1,16
Miami,25.76,-80.19,2025-10-19T22:00,79.4,85,14.3,0.0,1015.2,9
Miami,25.76,-80.19,2025-10-19T23:00,78.1,85,9.7,0.0,1015.6,1
Atlanta,33.75,-84.39,2025-10-13T00:00,68.4,43,5.4,0.0,1009.5,0
Atlanta,33.75,-84.39,2025-10-13T01:00,65.7,50,6.8,0.0,1009.7,0
Atlanta,33.75,-84.39,2025-10-13T02:00,64.5,52,5.2,0.0,1010.2,0
Atlanta,33.75,-84.39,2025-10-13T03:00,62.2,58,6.8,0.0,1010.2,0
Atlanta,33.75,-84.39,2025-10-13T04:00,61.1,63,5.8,0.0,1010.3,0
Atlanta,33.75,-84.39,2025-10-13T05:00,58.8,67,5.1,0.0,1010.5,0
Atlanta,33.75,-84.39,2025-10-13T06:00,56.9,71,2.3,0.0,1010.5,0
Atlanta,33.75,-84.39,2025-10-13T07:00,56.6,71,3.6,0.0,1010.3,0
Atlanta,33.75,-84.39,2025-10-13T08:00,55.6,76,2.1,0.0,1010.7,0
Atlanta,33.75,-84.39,2025-10-13T09:00,54.8,78,4.2,0.0,1011.5,0
Atlanta,33.75,-84.39,2025-10-13T10:00,53.4,87,4.7,0.0,1012.4,2
Atlanta,33.75,-84.39,2025-10-13T11:00,53.4,87,3.1,0.0,1013.0,3
Atlanta,33.75,-84.39,2025-10-13T12:00,53.0,89,2.3,0.0,1013.6,1
Atlanta,33.75,-84.39,2025-10-13T13:00,57.1,88,2.2,0.0,1014.2,100
Atlanta,33.75,-84.39,2025-10-13T14:00,65.0,74,2.3,0.0,1014.6,26
Atlanta,33.75,-84.39,2025-10-13T15:00,69.1,75,6.3,0.0,1015.0,33
Atlanta,33.75,-84.39,2025-10-13T16:00,73.1,65,4.3,0.0,1014.4,12
Atlanta,33.75,-84.39,2025-10-13T17:00,75.1,59,4.0,0.0,1013.9,26
Atlanta,33.75,-84.39,2025-10-13T18:00,77.5,51,5.2,0.0,1013.3,22
Atlanta,33.75,-84.39,2025-10-13T19:00,77.9,48,4.6,0.0,1012.6,3
Atlanta,33.75,-84.39,2025-10-13T20:00,79.2,42,9.7,0.0,1012.6,8
Atlanta,33.75,-84.39,2025-10-13T21:00,78.6,45,9.2,0.0,1012.3,5
Atlanta,33.75,-84.39,2025-10-13T22:00,77.2,42,11.3,0.0,1012.4,4
Atlanta,33.75,-84.39,2025-10-13T23:00,72.4,47,6.0,0.0,1012.8,0
Atlanta,33.75,-84.39,2025-10-14T00:00,69.9,50,4.2,0.0,1013.5,0
Atlanta,33.75,-84.39,2025-10-14T01:00,67.5,55,6.6,0.0,1014.0,1
Atlanta,33.75,-84.39,2025-10-14T02:00,66.6,56,7.5,0.0,1014.5,0
Atlanta,33.75,-84.39,2025-10-14T03:00,66.1,56,5.2,0.0,1014.9,0
Atlanta,33.75,-84.39,2025-10-14T04:00,63.4,66,5.3,0.0,1014.9,0
Atlanta,33.75,-84.39,2025-10-14T05:00,62.4,68,7.0,0.0,1014.7,0
Atlanta,33.75,-84.39,2025-10-14T06:00,61.0,72,4.5,0.0,1014.8,0
Atlanta,33.75,-84.39,2025-10-14T07:00,60.0,73,5.0,0.0,1015.1,0
Atlanta,33.75,-84.39,2025-10-14T08:00,59.4,75,6.2,0.0,1015.0,0
Atlanta,33.75,-84.39,2025-10-14T09:00,58.7,78,5.3,0.0,1015.0,0
Atlanta,33.75,-84.39,2025-10-14T10:00,57.7,83,3.6,0.0,1015.5,0
Atlanta,33.75,-84.39,2025-10-14T11:00,57.0,80,2.5,0.0,1016.0,0
Atlanta,33.75,-84.39,2025-10-14T12:00,56.2,86,4.9,0.0,1016.5,0
Atlanta,33.75,-84.39,2025-10-14T13:00,60.0,80,4.9,0.0,1017.3,0
Atlanta,33.75,-84.39,2025-10-14T14:00,66.4,66,4.9,0.0,1017.6,1
Atlanta,33.75,-84.39,2025-10-14T15:00,72.3,54,6.5,0.0,1017.8,2
Atlanta,33.75,-84.39,2025-10-14T16:00,75.2,50,4.2,0.0,1017.6,2
Atlanta,33.75,-84.39,2025-10-14T17:00,78.8,46,2.8,0.0,1017.2,0
Atlanta,33.75,-84.39,2025-10-14T18:00,80.5,39,7.3,0.0,1016.3,1
Atlanta,33.75,-84.39,2025-10-14T19:00,82.1,36,9.2,0.0,1015.7,1
Atlanta,33.75,-84.39,2025-10-14T20:00,82.6,35,10.1,0.0,1015.5,0
Atlanta,33.75,-84.39,2025-10-14T21:00,82.5,35,8.3,0.0,1015.3,0
Atlanta,33.75,-84.39,2025-10-14T22:00,79.8,36,10.0,0.0,1015.5,0
Atlanta,33.75,-84.39,2025-10-14T23:00,75.0,41,8.7,0.0,1015.8,0
Atlanta,33.75,-84.39,2025-10-15T00:00,72.1,48,6.9,0.0,1016.4,0
Atlanta,33.75,-84.39,2025-10-15T01:00,70.3,50,7.3,0.0,1016.6,0
Atlanta,33.75,-84.39,2025-10-15T02:00,68.7,48,8.2,0.0,1017.0,0
Atlanta,33.75,-84.39,2025-10-15T03:00,65.5,56,6.3,0.0,1017.0,0
Atlanta,33.75,-84.39,2025-10-15T04:00,64.0,59,7.3,0.0,1017.2,0
Atlanta,33.75,-84.39,2025-10-15T05:00,62.5,63,4.4,0.0,1016.8,0
Atlanta,33.75,-84.39,2025-10-15T06:00,61.2,63,3.5,0.0,1016.7,0
Atlanta,33.75,-84.39,2025-10-15T07:00,60.8,66,1.8,0.0,1016.7,0
Atlanta,33.75,-84.39,2025-10-15T08:00,59.6,73,6.0,0.0,1016.6,0
Atlanta,33.75,-84.39,2025-10-15T09:00,59.5,72,5.8,0.0,1016.8,0
Atlanta,33.75,-84.39,2025-10-15T10:00,59.0,73,5.5,0.0,1017.0,0
Atlanta,33.75,-84.39,2025-10-15T11:00,57.8,77,2.5,0.0,1017.4,0
Atlanta,33.75,-84.39,2025-10-15T12:00,57.6,81,2.6,0.0,1018.0,3
Atlanta,33.75,-84.39,2025-10-15T13:00,62.6,73,7.9,0.0,1018.7,0
Atlanta,33.75,-84.39,2025-10-15T14:00,67.7,68,11.1,0.0,1018.7,2
Atlanta,33.75,-84.39,2025-10-15T15:00,72.3,61,6.4,0.0,1018.5,0
Atlanta,33.75,-84.39,2025-10-15T16:00,76.2,56,3.8,0.0,1018.1,0
Atlanta,33.75,-84.39,2025-10-15T17:00,79.4,53,2.0,0.0,1017.2,1
Atlanta,33.75,-84.39,2025-10-15T18:00,81.0,48,5.1,0.0,1016.4,3
Atlanta,33.75,-84.39,2025-10-15T19:00,83.0,41,7.3,0.0,1015.4,1
Atlanta,33.75,-84.39,2025-10-15T20:00,84.1,38,9.2,0.0,1015.0,2
Atlanta,33.75,-84.39,2025-10-15T21:00,83.4,39,11.0,0.0,1014.5,2
Atlanta,33.75,-84.39,2025-10-15T22:00,80.9,42,11.6,0.0,1014.4,0
Atlanta,33.75,-84.39,2025-10-15T23:00,76.8,45,7.3,0.0,1014.5,0
Atlanta,33.75,-84.39,2025-10-16T00:00,72.9,52,6.3,0.0,1014.7,0
Atlanta,33.75,-84.39,2025-10-16T01:00,70.6,55,5.4,0.0,1014.8,0
Atlanta,33.75,-84.39,2025-10-16T02:00,68.7,58,6.0,0.0,1015.1,0
Atlanta,33.75,-84.39,2025-10-16T03:00,66.6,63,8.5,0.0,1015.1,0
Atlanta,33.75,-84.39,2025-10-16T04:00,65.7,61,8.7,0.0,1014.7,0
Atlanta,33.75,-84.39,2025-10-16T05:00,63.5,64,7.8,0.0,1014.6,0
Atlanta,33.75,-84.39,2025-10-16T06:00,62.3,67,6.6,0.0,1014.6,0
Atlanta,33.75,-84.39,2025-10-16T07:00,61.7,66,4.7,0.0,1014.7,0
Atlanta,33.75,-84.39,2025-10-16T08:00,60.5,72,4.9,0.0,1014.6,0
Atlanta,33.75,-84.39,2025-10-16T09:00,61.1,70,5.1,0.0,1014.7,0
Atlanta,33.75,-84.39,2025-10-16T10:00,58.9,77,3.6,0.0,1014.8,0
Atlanta,33.75,-84.39,2025-10-16T11:00,57.8,84,4.8,0.0,1015.3,1
Atlanta,33.75,-84.39,2025-10-16T12:00,58.4,82,4.0,0.0,1015.8,0
Atlanta,33.75,-84.39,2025-10-16T13:00,62.7,72,9.8,0.0,1016.5,0
Atlanta,33.75,-84.39,2025-10-16T14:00,68.9,50,15.3,0.0,1016.8,0
Atlanta,33.75,-84.39,2025-10-16T15:00,71.6,47,16.2,0.0,1016.6,0
Atlanta,33.75,-84.39,2025-10-16T16:00,74.7,41,11.3,0.0,1016.8,0
Atlanta,33.75,-84.39,2025-10-16T17:00,76.4,42,6.8,0.0,1016.1,0
Atlanta,33.75,-84.39,2025-10-16T18:00,79.1,39,3.1,0.0,1015.2,0
Atlanta,33.75,-84.39,2025-10-16T19:00,80.6,41,2.9,0.0,1014.0,0
Atlanta,33.75,-84.39,2025-10-16T20:00,81.1,38,2.6,0.0,1013.6,0
Atlanta,33.75,-84.39,2025-10-16T21:00,81.1,36,1.1,0.0,1013.3,0
Atlanta,33.75,-84.39,2025-10-16T22:00,79.2,37,4.5,0.0,1013.4,2
Atlanta,33.75,-84.39,2025-10-16T23:00,74.6,40,4.9,0.0,1013.5,0
Atlanta,33.75,-84.39,2025-10-17T00:00,70.7,50,4.9,0.0,1013.8,0
Atlanta,33.75,-84.39,2025-10-17T01:00,69.2,51,5.3,0.0,1014.2,0
Atlanta,33.75,-84.39,2025-10-17T02:00,67.3,56,6.6,0.0,1014.6,0
Atlanta,33.75,-84.39,2025-10-17T03:00,66.1,60,3.1,0.0,1014.8,0
Atlanta,33.75,-84.39,2025-10-17T04:00,63.5,64,6.4,0.0,1015.1,0
Atlanta,33.75,-84.39,2025-10-17T05:00,61.7,68,5.4,0.0,1015.4,0
Atlanta,33.75,-84.39,2025-10-17T06:00,60.7,70,4.3,0.0,1015.4,0
Atlanta,33.75,-84.39,2025-10-17T07:00,59.6,71,6.0,0.0,1015.2,0
Atlanta,33.75,-84.39,2025-10-17T08:00,59.1,73,4.2,0.0,1015.2,0
Atlanta,33.75,-84.39,2025-10-17T09:00,58.1,74,4.3,0.0,1015.5,0
Atlanta,33.75,-84.39,2025-10-17T10:00,56.5,81,5.2,0.0,1015.9,0
Atlanta,33.75,-84.39,2025-10-17T11:00,55.8,85,3.2,0.0,1016.5,0
Atlanta,33.75,-84.39,2025-10-17T12:00,55.8,85,4.7,0.0,1016.9,2
Atlanta,33.75,-84.39,2025-10-17T13:00,59.0,88,4.8,0.0,1017.3,4
Atlanta,33.75,-84.39,2025-10-17T14:00,66.1,72,8.2,0.0,1017.8,10
Atlanta,33.75,-84.39,2025-10-17T15:00,70.1,68,9.3,0.0,1018.2,14
Atlanta,33.75,-84.39,2025-10-17T16:00,74.0,61,7.1,0.0,1017.8,18
Atlanta,33.75,-84.39,2025-10-17T17:00,75.6,60,8.9,0.0,1017.3,25
Atlanta,33.75,-84.39,2025-10-17T18:00,78.1,51,7.3,0.0,1016.3,31
Atlanta,33.75,-84.39,2025-10-17T19:00,79.5,49,7.7,0.0,1015.2,63
Atlanta,33.75,-84.39,2025-10-17T20:00,80.1,47,8.1,0.0,1014.5,23
Atlanta,33.75,-84.39,2025-10-17T21:00,80.1,46,5.2,0.0,1014.1,94
Atlanta,33.75,-84.39,2025-10-17T22:00,78.8,44,6.1,0.0,1013.8,81
Atlanta,33.75,-84.39,2025-10-17T23:00,74.9,49,7.6,0.0,1013.8,64
Atlanta,33.75,-84.39,2025-10-18T00:00,71.3,60,5.4,0.0,1014.1,3
Atlanta,33.75,-84.39,2025-10-18T01:00,70.1,59,8.7,0.0,1014.7,0
Atlanta,33.75,-84.39,2025-10-18T02:00,68.3,63,6.9,0.0,1015.4,12
Atlanta,33.75,-84.39,2025-10-18T03:00,67.9,63,8.1,0.0,1015.3,0
Atlanta,33.75,-84.39,2025-10-18T04:00,66.4,63,6.2,0.0,1015.3,0
Atlanta,33.75,-84.39,2025-10-18T05:00,65.1,63,7.0,0.0,1015.0,50
Atlanta,33.75,-84.39,2025-10-18T06:00,64.3,68,7.3,0.0,1015.4,2
Atlanta,33.75,-84.39,2025-10-18T07:00,63.1,68,7.6,0.0,1015.3,0
Atlanta,33.75,-84.39,2025-10-18T08:00,61.6,71,4.4,0.0,1015.3,1
Atlanta,33.75,-84.39,2025-10-18T09:00,62.1,69,4.0,0.0,1015.5,8
Atlanta,33.75,-84.39,2025-10-18T10:00,62.0,70,5.5,0.0,1016.0,72
Atlanta,33.75,-84.39,2025-10-18T11:00,62.3,73,7.1,0.0,1016.6,25
Atlanta,33.75,-84.39,2025-10-18T12:00,61.5,77,4.8,0.0,1017.0,20
Atlanta,33.75,-84.39,2025-10-18T13:00,62.5,78,5.2,0.0,1017.5,50
Atlanta,33.75,-84.39,2025-10-18T14:00,65.3,78,7.6,0.0,1017.9,100
Atlanta,33.75,-84.39,2025-10-18T15:00,67.1,82,5.9,0.0,1018.0,100
Atlanta,33.75,-84.39,2025-10-18T16:00,67.7,89,4.1,0.0,1018.1,100
Atlanta,33.75,-84.39,2025-10-18T17:00,71.5,77,4.0,0.0,1017.3,100
Atlanta,33.75,-84.39,2025-10-18T18:00,77.4,66,5.9,0.0,1016.2,43
Atlanta,33.75,-84.39,2025-10-18T19:00,78.2,65,9.2,0.0,1015.3,100
Atlanta,33.75,-84.39,2025-10-18T20:00,78.8,62,7.9,0.0,1014.4,29
Atlanta,33.75,-84.39,2025-10-18T21:00,78.4,63,7.3,0.0,1014.3,100
Atlanta,33.75,-84.39,2025-10-18T22:00,79.1,54,10.5,0.0,1014.1,100
Atlanta,33.75,-84.39,2025-10-18T23:00,76.7,55,7.2,0.0,1013.9,43
Atlanta,33.75,-84.39,2025-10-19T00:00,72.9,64,7.4,0.0,1013.7,33
Atlanta,33.75,-84.39,2025-10-19T01:00,71.2,67,6.6,0.0,1014.5,3
Atlanta,33.75,-84.39,2025-10-19T02:00,70.8,67,6.0,0.0,1015.1,36
Atlanta,33.75,-84.39,2025-10-19T03:00,68.0,74,9.7,0.0,1015.0,1
Atlanta,33.75,-84.39,2025-10-19T04:00,67.1,69,11.4,0.0,1014.7,4
Atlanta,33.75,-84.39,2025-10-19T05:00,66.4,66,11.3,0.0,1014.2,3
Atlanta,33.75,-84.39,2025-10-19T06:00,66.6,64,13.2,0.0,1014.1,99
Atlanta,33.75,-84.39,2025-10-19T07:00,65.0,67,11.3,0.0,1013.7,74
Atlanta,33.75,-84.39,2025-10-19T08:00,64.5,68,12.2,0.0,1013.1,8
Atlanta,33.75,-84.39,2025-10-19T09:00,63.2,73,11.9,0.0,1012.4,0
Atlanta,33.75,-84.39,2025-10-19T10:00,63.4,73,14.0,0.0,1011.3,0
Atlanta,33.75,-84.39,2025-10-19T11:00,61.9,78,14.0,0.0,1011.7,100
Atlanta,33.75,-84.39,2025-10-19T12:00,61.0,89,8.4,0.3,1013.6,100
Atlanta,33.75,-84.39,2025-10-19T13:00,60.7,98,15.3,1.2,1011.8,100
Atlanta,33.75,-84.39,2025-10-19T14:00,61.8,94,16.6,0.1,1012.1,100
Atlanta,33.75,-84.39,2025-10-19T15:00,62.9,93,15.9,0.0,1013.1,100
Atlanta,33.75,-84.39,2025-10-19T16:00,66.1,90,14.8,0.0,1012.7,100
Atlanta,33.75,-84.39,2025-10-19T17:00,70.7,76,17.3,0.0,1011.9,100
Atlanta,33.75,-84.39,2025-10-19T18:00,71.6,73,19.4,0.0,1011.5,100
Atlanta,33.75,-84.39,2025-10-19T19:00,75.7,58,25.6,0.0,1010.7,39
Atlanta,33.75,-84.39,2025-10-19T20:00,76.5,51,22.5,0.0,1010.7,44
Atlanta,33.75,-84.39,2025-10-19T21:00,74.8,48,22.6,0.0,1011.3,99
Atlanta,33.75,-84.39,2025-10-19T22:00,74.3,48,23.4,0.0,1012.0,79
Atlanta,33.75,-84.39,2025-10-19T23:00,66.7,34,20.3,0.0,1013.5,0
Chicago,41.88,-87.63,2025-10-13T00:00,59.2,77,12.1,0.0,1013.5,0
Chicago,41.88,-87.63,2025-10-13T01:00,59.4,73,11.2,0.0,1014.1,1
Chicago,41.88,-87.63,2025-10-13T02:00,58.6,79,12.3,0.0,1014.0,5
Chicago,41.88,-87.63,2025-10-13T03:00,58.8,80,12.4,0.0,1014.5,0
Chicago,41.88,-87.63,2025-10-13T04:00,58.8,75,12.4,0.0,1014.7,3
Chicago,41.88,-87.63,2025-10-13T05:00,57.3,75,11.4,0.0,1015.0,38
Chicago,41.88,-87.63,2025-10-13T06:00,55.4,82,11.3,0.0,1015.1,1
Chicago,41.88,-87.63,2025-10-13T07:00,54.8,82,8.5,0.0,1015.1,0
Chicago,41.88,-87.63,2025-10-13T08:00,55.3,84,8.0,0.0,1014.7,11
Chicago,41.88,-87.63,2025-10-13T09:00,54.7,85,10.9,0.0,1015.3,12
Chicago,41.88,-87.63,2025-10-13T10:00,52.8,86,6.6,0.0,1015.5,4
Chicago,41.88,-87.63,2025-10-13T11:00,51.8,84,4.2,0.0,1016.3,19
Chicago,41.88,-87.63,2025-10-13T12:00,52.3,83,4.7,0.0,1016.8,37
Chicago,41.88,-87.63,2025-10-13T13:00,53.4,83,10.7,0.0,1017.2,28
Chicago,41.88,-87.63,2025-10-13T14:00,55.5,87,9.7,0.0,1017.8,99
Chicago,41.88,-87.63,2025-10-13T15:00,58.4,82,6.6,0.0,1018.1,72
Chicago,41.88,-87.63,2025-10-13T16:00,62.7,71,5.8,0.0,1018.5,82
Chicago,41.88,-87.63,2025-10-13T17:00,65.2,62,3.1,0.0,1019.0,100
Chicago,41.88,-87.63,2025-10-13T18:00,66.0,66,6.8,0.0,1018.6,54
Chicago,41.88,-87.63,2025-10-13T19:00,68.0,60,2.4,0.0,1018.4,39
Chicago,41.88,-87.63,2025-10-13T20:00,68.6,59,4.7,0.0,1018.5,92
Chicago,41.88,-87.63,2025-10-13T21:00,64.5,79,6.3,0.0,1018.6,93
Chicago,41.88,-87.63,2025-10-13T22:00,65.0,80,4.1,0.0,1018.6,62
Chicago,41.88,-87.63,2025-10-13T23:00,62.5,86,6.6,0.0,1019.2,1
Chicago,41.88,-87.63,2025-10-14T00:00,60.9,83,8.6,0.0,1019.9,12
Chicago,41.88,-87.63,2025-10-14T01:00,61.0,80,7.4,0.0,1020.0,35
Chicago,41.88,-87.63,2025-10-14T02:00,60.0,80,6.6,0.0,1020.5,89
Chicago,41.88,-87.63,2025-10-14T03:00,61.1,84,8.1,0.0,1021.0,16
Chicago,41.88,-87.63,2025-10-14T04:00,62.0,85,7.1,0.0,1021.0,92
Chicago,41.88,-87.63,2025-10-14T05:00,61.4,89,8.7,0.0,1021.7,62
Chicago,41.88,-87.63,2025-10-14T06:00,60.4,91,7.8,0.0,1021.7,37
Chicago,41.88,-87.63,2025-10-14T07:00,59.2,88,12.1,0.0,1022.2,50
Chicago,41.88,-87.63,2025-10-14T08:00,60.3,90,11.6,0.0,1022.6,100
Chicago,41.88,-87.63,2025-10-14T09:00,60.0,92,5.0,0.0,1022.8,7
Chicago,41.88,-87.63,2025-10-14T10:00,57.3,95,7.4,0.0,1023.1,39
Chicago,41.88,-87.63,2025-10-14T11:00,58.8,95,8.2,0.0,1023.4,100
Chicago,41.88,-87.63,2025-10-14T12:00,59.8,97,9.0,0.0,1024.1,100
Chicago,41.88,-87.63,2025-10-14T13:00,59.8,94,10.1,0.0,1024.9,100
Chicago,41.88,-87.63,2025-10-14T14:00,60.8,91,8.4,0.0,1025.9,100
Chicago,41.88,-87.63,2025-10-14T15:00,61.8,88,11.5,0.0,1026.2,100
Chicago,41.88,-87.63,2025-10-14T16:00,62.7,87,13.7,0.0,1026.4,100
Chicago,41.88,-87.63,2025-10-14T17:00,63.9,87,11.8,0.0,1026.5,65
Chicago,41.88,-87.63,2025-10-14T18:00,63.5,87,11.8,0.0,1025.9,50
Chicago,41.88,-87.63,2025-10-14T19:00,64.5,80,15.8,0.0,1025.5,43
Chicago,41.88,-87.63,2025-10-14T20:00,63.8,83,17.1,0.0,1025.4,16
Chicago,41.88,-87.63,2025-10-14T21:00,62.3,92,17.5,0.0,1025.7,35
Chicago,41.88,-87.63,2025-10-14T22:00,60.9,81,18.9,0.0,1025.8,26
Chicago,41.88,-87.63,2025-10-14T23:00,58.3,83,16.3,0.0,1025.8,28
Chicago,41.88,-87.63,2025-10-15T00:00,57.9,84,15.5,0.0,1025.5,38
Chicago,41.88,-87.63,2025-10-15T01:00,56.9,76,14.8,0.0,1025.6,9
Chicago,41.88,-87.63,2025-10-15T02:00,56.8,73,15.6,0.0,1025.5,3
Chicago,41.88,-87.63,2025-10-15T03:00,56.5,81,10.2,0.0,1025.3,99
Chicago,41.88,-87.63,2025-10-15T04:00,58.2,83,13.7,0.0,1025.1,55
Chicago,41.88,-87.63,2025-10-15T05:00,58.1,79,16.3,0.0,1024.7,27
Chicago,41.88,-87.63,2025-10-15T06:00,58.4,79,14.3,0.0,1024.2,99
Chicago,41.88,-87.63,2025-10-15T07:00,59.1,78,18.1,0.0,1023.7,99
Chicago,41.88,-87.63,2025-10-15T08:00,59.3,80,19.2,0.0,1023.9,100
Chicago,41.88,-87.63,2025-10-15T09:00,58.2,76,19.5,0.1,1024.0,100
Chicago,41.88,-87.63,2025-10-15T10:00,56.6,80,19.7,0.0,1024.0,100
Chicago,41.88,-87.63,2025-10-15T11:00,56.1,84,20.1,0.0,1023.9,100
Chicago,41.88,-87.63,2025-10-15T12:00,55.5,88,17.6,0.0,1024.2,99
Chicago,41.88,-87.63,2025-10-15T13:00,55.5,92,20.8,0.0,1024.8,100
Chicago,41.88,-87.63,2025-10-15T14:00,55.5,93,16.4,0.1,1024.9,100
Chicago,41.88,-87.63,2025-10-15T15:00,55.0,92,17.3,0.1,1024.9,100
Chicago,41.88,-87.63,2025-10-15T16:00,54.9,94,16.1,0.0,1024.5,100
Chicago,41.88,-87.63,2025-10-15T17:00,55.7,92,12.1,0.1,1024.2,100
Chicago,41.88,-87.63,2025-10-15T18:00,57.2,90,13.8,0.0,1023.4,100
Chicago,41.88,-87.63,2025-10-15T19:00,57.5,91,13.5,0.0,1023.1,100
Chicago,41.88,-87.63,2025-10-15T20:00,56.6,93,16.4,0.0,1022.9,100
Chicago,41.88,-87.63,2025-10-15T21:00,57.4,84,17.0,0.0,1022.6,100
Chicago,41.88,-87.63,2025-10-15T22:00,57.0,78,14.0,0.0,1022.3,71
Chicago,41.88,-87.63,2025-10-15T23:00,55.5,74,11.7,0.0,1022.5,27
Chicago,41.88,-87.63,2025-10-16T00:00,56.2,70,13.5,0.0,1022.3,100
Chicago,41.88,-87.63,2025-10-16T01:00,55.2,71,16.6,0.0,1022.2,42
Chicago,41.88,-87.63,2025-10-16T02:00,55.0,75,11.9,0.0,1022.5,100
Chicago,41.88,-87.63,2025-10-16T03:00,55.6,77,10.0,0.0,1022.4,100
Chicago,41.88,-87.63,2025-10-16T04:00,55.1,73,10.2,0.0,1022.4,100
Chicago,41.88,-87.63,2025-10-16T05:00,55.4,78,7.4,0.0,1022.1,100
Chicago,41.88,-87.63,2025-10-16T06:00,54.9,74,6.6,0.0,1022.1,100
Chicago,41.88,-87.63,2025-10-16T07:00,56.0,71,3.1,0.0,1022.2,100
Chicago,41.88,-87.63,2025-10-16T08:00,55.7,79,7.1,0.0,1022.0,3
Chicago,41.88,-87.63,2025-10-16T09:00,55.7,82,10.6,0.0,1022.3,100
Chicago,41.88,-87.63,2025-10-16T10:00,55.5,76,9.2,0.0,1022.2,100
Chicago,41.88,-87.63,2025-10-16T11:00,55.1,75,6.4,0.0,1022.5,100
Chicago,41.88,-87.63,2025-10-16T12:00,55.3,80,6.2,0.0,1022.9,86
Chicago,41.88,-87.63,2025-10-16T13:00,55.8,77,10.8,0.0,1022.9,33
Chicago,41.88,-87.63,2025-10-16T14:00,58.4,75,12.4,0.0,1022.9,11
Chicago,41.88,-87.63,2025-10-16T15:00,59.9,67,16.3,0.0,1022.8,7
Chicago,41.88,-87.63,2025-10-16T16:00,61.7,60,14.1,0.0,1022.4,3
Chicago,41.88,-87.63,2025-10-16T17:00,62.9,59,13.5,0.0,1022.1,13
Chicago,41.88,-87.63,2025-10-16T18:00,62.5,63,16.3,0.0,1021.4,20
Chicago,41.88,-87.63,2025-10-16T19:00,64.5,65,16.1,0.0,1020.5,18
Chicago,41.88,-87.63,2025-10-16T20:00,65.3,57,11.8,0.0,1019.6,34
Chicago,41.88,-87.63,2025-10-16T21:00,63.3,69,15.2,0.0,1018.7,27
Chicago,41.88,-87.63,2025-10-16T22:00,63.0,70,14.1,0.0,1018.3,2
Chicago,41.88,-87.63,2025-10-16T23:00,61.1,70,11.2,0.0,1017.9,26
Chicago,41.88,-87.63,2025-10-17T00:00,59.6,77,11.4,0.0,1017.8,43
Chicago,41.88,-87.63,2025-10-17T01:00,60.0,70,12.9,0.0,1017.9,1
Chicago,41.88,-87.63,2025-10-17T02:00,59.0,68,9.8,0.0,1017.4,0
Chicago,41.88,-87.63,2025-10-17T03:00,57.8,61,11.7,0.0,1017.4,0
Chicago,41.88,-87.63,2025-10-17T04:00,58.4,55,12.1,0.0,1016.8,0
Chicago,41.88,-87.63,2025-10-17T05:00,58.1,48,11.5,0.0,1016.2,0
Chicago,41.88,-87.63,2025-10-17T06:00,56.6,52,8.9,0.0,1016.2,0
Chicago,41.88,-87.63,2025-10-17T07:00,55.8,58,11.6,0.0,1015.9,0
Chicago,41.88,-87.63,2025-10-17T08:00,56.0,57,12.6,0.0,1015.9,3
Chicago,41.88,-87.63,2025-10-17T09:00,55.6,60,14.2,0.0,1015.4,5
Chicago,41.88,-87.63,2025-10-17T10:00,54.6,62,9.0,0.0,1015.5,75
Chicago,41.88,-87.63,2025-10-17T11:00,55.0,58,9.4,0.0,1015.4,18
Chicago,41.88,-87.63,2025-10-17T12:00,54.6,60,10.4,0.0,1015.8,48
Chicago,41.88,-87.63,2025-10-17T13:00,56.4,63,9.7,0.0,1015.7,33
Chicago,41.88,-87.63,2025-10-17T14:00,58.9,61,13.7,0.0,1015.6,100
Chicago,41.88,-87.63,2025-10-17T15:00,62.4,54,16.7,0.0,1014.5,39
Chicago,41.88,-87.63,2025-10-17T16:00,65.7,54,20.7,0.0,1013.8,91
Chicago,41.88,-87.63,2025-10-17T17:00,69.6,54,18.8,0.0,1012.5,96
Chicago,41.88,-87.63,2025-10-17T18:00,72.4,47,18.2,0.0,1011.5,58
Chicago,41.88,-87.63,2025-10-17T19:00,72.3,53,16.3,0.0,1010.5,99
Chicago,41.88,-87.63,2025-10-17T20:00,71.7,53,16.2,0.0,1009.3,99
Chicago,41.88,-87.63,2025-10-17T21:00,71.9,49,16.5,0.0,1008.4,99
Chicago,41.88,-87.63,2025-10-17T22:00,70.9,46,14.6,0.0,1008.0,72
Chicago,41.88,-87.63,2025-10-17T23:00,68.6,51,12.5,0.0,1008.1,99
Chicago,41.88,-87.63,2025-10-18T00:00,66.9,48,11.8,0.0,1008.1,52
Chicago,41.88,-87.63,2025-10-18T01:00,64.4,55,13.1,0.0,1007.7,6
Chicago,41.88,-87.63,2025-10-18T02:00,63.9,53,13.7,0.0,1007.6,99
Chicago,41.88,-87.63,2025-10-18T03:00,62.7,61,12.3,0.0,1007.3,85
Chicago,41.88,-87.63,2025-10-18T04:00,61.5,61,15.5,0.0,1006.9,51
Chicago,41.88,-87.63,2025-10-18T05:00,60.8,67,14.1,0.0,1006.5,15
Chicago,41.88,-87.63,2025-10-18T06:00,61.0,70,14.8,0.0,1006.4,0
Chicago,41.88,-87.63,2025-10-18T07:00,61.5,72,14.5,0.0,1006.1,2
Chicago,41.88,-87.63,2025-10-18T08:00,61.7,74,14.6,0.0,1005.2,0
Chicago,41.88,-87.63,2025-10-18T09:00,60.8,76,14.0,0.0,1004.7,1
Chicago,41.88,-87.63,2025-10-18T10:00,60.6,80,14.1,0.0,1004.7,5
Chicago,41.88,-87.63,2025-10-18T11:00,61.6,81,12.6,0.0,1005.7,99
Chicago,41.88,-87.63,2025-10-18T12:00,61.4,90,9.5,0.1,1005.3,99
Chicago,41.88,-87.63,2025-10-18T13:00,61.4,90,13.0,0.0,1005.3,98
Chicago,41.88,-87.63,2025-10-18T14:00,63.5,92,13.1,0.0,1005.5,97
Chicago,41.88,-87.63,2025-10-18T15:00,66.3,88,11.1,0.0,1005.6,100
Chicago,41.88,-87.63,2025-10-18T16:00,69.0,80,14.5,0.0,1005.2,17
Chicago,41.88,-87.63,2025-10-18T17:00,70.5,79,13.0,0.0,1005.3,100
Chicago,41.88,-87.63,2025-10-18T18:00,70.7,76,8.2,0.0,1004.3,32
Chicago,41.88,-87.63,2025-10-18T19:00,72.1,75,5.2,0.0,1003.7,100
Chicago,41.88,-87.63,2025-10-18T20:00,67.8,86,4.2,0.0,1003.7,98
Chicago,41.88,-87.63,2025-10-18T21:00,69.5,88,5.2,0.0,1003.6,98
Chicago,41.88,-87.63,2025-10-18T22:00,67.5,89,4.6,0.0,1003.3,98
Chicago,41.88,-87.63,2025-10-18T23:00,64.3,92,10.7,0.0,1003.5,100
Chicago,41.88,-87.63,2025-10-19T00:00,64.6,87,14.9,0.0,1002.6,99
Chicago,41.88,-87.63,2025-10-19T01:00,63.9,90,16.1,0.0,1002.7,100
Chicago,41.88,-87.63,2025-10-19T02:00,62.5,91,18.7,0.2,1002.9,100
Chicago,41.88,-87.63,2025-10-19T03:00,61.8,94,17.3,0.3,1002.6,100
Chicago,41.88,-87.63,2025-10-19T04:00,60.3,94,19.0,3.6,1002.2,100
Chicago,41.88,-87.63,2025-10-19T05:00,59.3,94,12.0,3.4,1001.5,100
Chicago,41.88,-87.63,2025-10-19T06:00,57.9,95,14.2,0.9,1000.6,100
Chicago,41.88,-87.63,2025-10-19T07:00,57.1,94,11.9,1.1,1000.0,98
Chicago,41.88,-87.63,2025-10-19T08:00,56.4,95,11.1,0.1,999.5,100
Chicago,41.88,-87.63,2025-10-19T09:00,56.4,91,13.4,0.0,999.0,100
Chicago,41.88,-87.63,2025-10-19T10:00,55.2,96,8.6,0.3,998.8,100
Chicago,41.88,-87.63,2025-10-19T11:00,54.2,96,14.4,1.1,999.6,100
Chicago,41.88,-87.63,2025-10-19T12:00,52.2,94,21.1,0.6,1000.5,100
Chicago,41.88,-87.63,2025-10-19T13:00,49.5,96,26.2,1.2,1002.1,100
Chicago,41.88,-87.63,2025-10-19T14:00,48.1,95,27.4,2.0,1002.7,100
Chicago,41.88,-87.63,2025-10-19T15:00,48.3,94,23.0,1.5,1003.7,100
Chicago,41.88,-87.63,2025-10-19T16:00,47.4,94,23.4,0.9,1004.8,100
Chicago,41.88,-87.63,2025-10-19T17:00,48.8,87,20.9,0.7,1005.7,100
Chicago,41.88,-87.63,2025-10-19T18:00,48.6,86,14.9,0.0,1006.1,99
Chicago,41.88,-87.63,2025-10-19T19:00,53.0,72,22.7,0.0,1006.9,100
Chicago,41.88,-87.63,2025-10-19T20:00,53.5,63,20.1,0.0,1007.4,100
Chicago,41.88,-87.63,2025-10-19T21:00,54.6,55,21.0,0.0,1007.9,100
Chicago,41.88,-87.63,2025-10-19T22:00,53.7,51,18.2,0.0,1008.6,34
Chicago,41.88,-87.63,2025-10-19T23:00,51.9,51,11.9,0.0,1009.7,30
Detroit,42.33,-83.05,2025-10-13T00:00,61.5,72,7.8,0.0,1017.0,37
Detroit,42.33,-83.05,2025-10-13T01:00,59.2,85,10.0,0.0,1016.8,2
Detroit,42.33,-83.05,2025-10-13T02:00,58.0,87,6.9,0.0,1017.0,10
Detroit,42.33,-83.05,2025-10-13T03:00,56.8,86,9.3,0.0,1016.9,1
Detroit,42.33,-83.05,2025-10-13T04:00,56.2,88,6.9,0.0,1017.0,0
Detroit,42.33,-83.05,2025-10-13T05:00,55.6,92,6.4,0.0,1017.1,4
Detroit,42.33,-83.05,2025-10-13T06:00,55.5,93,7.6,0.0,1017.2,2
Detroit,42.33,-83.05,2025-10-13T07:00,54.5,92,6.6,0.0,1017.2,8
Detroit,42.33,-83.05,2025-10-13T08:00,53.5,94,6.6,0.0,1017.4,33
Detroit,42.33,-83.05,2025-10-13T09:00,52.7,94,6.5,0.0,1017.7,50
Detroit,42.33,-83.05,2025-10-13T10:00,51.7,96,6.1,0.0,1017.9,51
Detroit,42.33,-83.05,2025-10-13T11:00,51.5,94,6.6,0.0,1018.2,14
Detroit,42.33,-83.05,2025-10-13T12:00,51.1,95,6.4,0.0,1018.7,19
Detroit,42.33,-83.05,2025-10-13T13:00,53.9,97,9.1,0.0,1019.1,64
Detroit,42.33,-83.05,2025-10-13T14:00,58.4,93,9.2,0.0,1019.4,26
Detroit,42.33,-83.05,2025-10-13T15:00,62.4,86,6.6,0.0,1019.5,5
Detroit,42.33,-83.05,2025-10-13T16:00,65.2,79,5.6,0.0,1019.4,20
Detroit,42.33,-83.05,2025-10-13T17:00,67.7,72,6.9,0.0,1019.3,7
Detroit,42.33,-83.05,2025-10-13T18:00,70.2,64,10.2,0.0,1018.9,3
Detroit,42.33,-83.05,2025-10-13T19:00,71.6,52,10.6,0.0,1018.4,10
Detroit,42.33,-83.05,2025-10-13T20:00,72.1,39,11.0,0.0,1018.5,3
Detroit,42.33,-83.05,2025-10-13T21:00,71.7,39,9.3,0.0,1018.5,4
Detroit,42.33,-83.05,2025-10-13T22:00,70.0,43,7.8,0.0,1018.5,2
Detroit,42.33,-83.05,2025-10-13T23:00,65.0,51,6.1,0.0,1018.6,0
Detroit,42.33,-83.05,2025-10-14T00:00,59.9,59,7.4,0.0,1019.1,0
Detroit,42.33,-83.05,2025-10-14T01:00,56.7,76,2.8,0.0,1019.5,0
Detroit,42.33,-83.05,2025-10-14T02:00,54.6,89,7.4,0.0,1020.4,26
Detroit,42.33,-83.05,2025-10-14T03:00,53.5,88,1.1,0.0,1020.7,7
Detroit,42.33,-83.05,2025-10-14T04:00,52.5,89,4.9,0.0,1020.7,17
Detroit,42.33,-83.05,2025-10-14T05:00,51.5,88,4.7,0.0,1021.0,28
Detroit,42.33,-83.05,2025-10-14T06:00,49.7,94,4.0,0.0,1021.3,100
Detroit,42.33,-83.05,2025-10-14T07:00,49.6,96,3.2,0.0,1021.5,61
Detroit,42.33,-83.05,2025-10-14T08:00,48.6,94,3.4,0.0,1021.6,32
Detroit,42.33,-83.05,2025-10-14T09:00,47.5,97,1.8,0.0,1021.8,100
Detroit,42.33,-83.05,2025-10-14T10:00,48.7,97,2.7,0.0,1022.3,90
Detroit,42.33,-83.05,2025-10-14T11:00,49.2,100,1.8,0.0,1022.8,100
Detroit,42.33,-83.05,2025-10-14T12:00,49.6,98,2.5,0.0,1023.4,100
Detroit,42.33,-83.05,2025-10-14T13:00,53.8,97,2.1,0.0,1023.7,88
Detroit,42.33,-83.05,2025-10-14T14:00,60.1,87,0.7,0.0,1024.3,100
Detroit,42.33,-83.05,2025-10-14T15:00,65.5,73,5.7,0.0,1024.4,12
Detroit,42.33,-83.05,2025-10-14T16:00,68.9,60,14.5,0.0,1024.5,41
Detroit,42.33,-83.05,2025-10-14T17:00,69.6,56,11.2,0.0,1024.4,9
Detroit,42.33,-83.05,2025-10-14T18:00,71.5,55,10.5,0.0,1024.0,27
Detroit,42.33,-83.05,2025-10-14T19:00,69.1,64,12.6,0.0,1023.3,100
Detroit,42.33,-83.05,2025-10-14T20:00,69.8,64,10.2,0.0,1023.3,37
Detroit,42.33,-83.05,2025-10-14T21:00,70.0,62,8.8,0.0,1023.4,12
Detroit,42.33,-83.05,2025-10-14T22:00,69.1,58,7.3,0.0,1023.3,3
Detroit,42.33,-83.05,2025-10-14T23:00,63.7,68,12.1,0.0,1023.4,24
Detroit,42.33,-83.05,2025-10-15T00:00,60.1,75,8.7,0.0,1024.0,4
Detroit,42.33,-83.05,2025-10-15T01:00,58.4,79,6.6,0.0,1024.2,1
Detroit,42.33,-83.05,2025-10-15T02:00,55.7,80,4.7,0.0,1024.6,1
Detroit,42.33,-83.05,2025-10-15T03:00,54.7,81,6.6,0.0,1024.3,99
Detroit,42.33,-83.05,2025-10-15T04:00,54.1,85,8.2,0.0,1024.1,47
Detroit,42.33,-83.05,2025-10-15T05:00,53.6,82,9.9,0.0,1024.2,4
Detroit,42.33,-83.05,2025-10-15T06:00,53.8,74,9.7,0.0,1024.1,10
Detroit,42.33,-83.05,2025-10-15T07:00,53.1,75,7.0,0.0,1024.0,95
Detroit,42.33,-83.05,2025-10-15T08:00,54.4,70,13.0,0.0,1024.3,100
Detroit,42.33,-83.05,2025-10-15T09:00,52.4,82,9.0,0.1,1023.9,99
Detroit,42.33,-83.05,2025-10-15T10:00,52.7,79,5.8,0.0,1024.2,17
Detroit,42.33,-83.05,2025-10-15T11:00,51.5,84,3.6,0.0,1023.9,98
Detroit,42.33,-83.05,2025-10-15T12:00,52.0,84,9.2,0.0,1024.3,100
Detroit,42.33,-83.05,2025-10-15T13:00,52.0,85,7.9,0.0,1024.5,98
Detroit,42.33,-83.05,2025-10-15T14:00,52.8,87,10.5,0.0,1024.5,99
Detroit,42.33,-83.05,2025-10-15T15:00,55.1,87,10.7,0.0,1024.4,100
Detroit,42.33,-83.05,2025-10-15T16:00,56.2,83,8.3,0.0,1024.1,100
Detroit,42.33,-83.05,2025-10-15T17:00,58.3,75,7.8,0.0,1023.9,100
Detroit,42.33,-83.05,2025-10-15T18:00,59.6,71,8.9,0.0,1023.2,41
Detroit,42.33,-83.05,2025-10-15T19:00,61.0,67,5.9,0.0,1022.2,38
Detroit,42.33,-83.05,2025-10-15T20:00,61.8,55,6.0,0.0,1021.8,96
Detroit,42.33,-83.05,2025-10-15T21:00,61.9,56,5.6,0.0,1021.4,47
Detroit,42.33,-83.05,2025-10-15T22:00,61.4,56,8.1,0.0,1021.3,51
Detroit,42.33,-83.05,2025-10-15T23:00,57.2,63,6.9,0.0,1021.7,38
Detroit,42.33,-83.05,2025-10-16T00:00,53.9,73,8.4,0.0,1022.2,44
Detroit,42.33,-83.05,2025-10-16T01:00,51.8,74,9.7,0.0,1022.4,1
Detroit,42.33,-83.05,2025-10-16T02:00,50.1,73,7.4,0.0,1022.8,47
Detroit,42.33,-83.05,2025-10-16T03:00,48.8,73,9.1,0.0,1022.8,0
Detroit,42.33,-83.05,2025-10-16T04:00,47.2,76,8.4,0.0,1023.0,0
Detroit,42.33,-83.05,2025-10-16T05:00,46.0,80,6.5,0.0,1022.8,0
Detroit,42.33,-83.05,2025-10-16T06:00,44.5,84,5.1,0.0,1022.8,0
Detroit,42.33,-83.05,2025-10-16T07:00,43.3,84,4.8,0.0,1022.8,0
Detroit,42.33,-83.05,2025-10-16T08:00,42.0,87,3.3,0.0,1022.7,0
Detroit,42.33,-83.05,2025-10-16T09:00,41.2,86,3.7,0.0,1022.8,0
Detroit,42.33,-83.05,2025-10-16T10:00,40.9,84,3.2,0.0,1023.4,0
Detroit,42.33,-83.05,2025-10-16T11:00,40.7,88,5.5,0.0,1023.7,2
Detroit,42.33,-83.05,2025-10-16T12:00,40.4,88,2.4,0.0,1024.2,3
Detroit,42.33,-83.05,2025-10-16T13:00,44.7,88,2.9,0.0,1024.7,2
Detroit,42.33,-83.05,2025-10-16T14:00,49.9,80,5.8,0.0,1024.7,6
Detroit,42.33,-83.05,2025-10-16T15:00,53.7,72,1.5,0.0,1024.5,6
Detroit,42.33,-83.05,2025-10-16T16:00,56.9,66,1.8,0.0,1023.8,7
Detroit,42.33,-83.05,2025-10-16T17:00,59.4,59,1.8,0.0,1023.4,7
Detroit,42.33,-83.05,2025-10-16T18:00,61.0,53,3.3,0.0,1022.6,2
Detroit,42.33,-83.05,2025-10-16T19:00,62.5,46,5.6,0.0,1021.8,0
Detroit,42.33,-83.05,2025-10-16T20:00,64.5,39,1.1,0.0,1021.0,0
Detroit,42.33,-83.05,2025-10-16T21:00,63.8,41,3.8,0.0,1020.2,0
Detroit,42.33,-83.05,2025-10-16T22:00,61.7,45,7.8,0.0,1020.0,0
Detroit,42.33,-83.05,2025-10-16T23:00,55.6,58,8.6,0.0,1020.0,0
Detroit,42.33,-83.05,2025-10-17T00:00,52.5,75,6.9,0.0,1020.1,1
Detroit,42.33,-83.05,2025-10-17T01:00,50.0,81,2.9,0.0,1019.9,0
Detroit,42.33,-83.05,2025-10-17T02:00,46.6,87,4.5,0.0,1019.8,7
Detroit,42.33,-83.05,2025-10-17T03:00,45.7,84,2.3,0.0,1019.4,15
Detroit,42.33,-83.05,2025-10-17T04:00,44.1,92,3.1,0.0,1019.2,42
Detroit,42.33,-83.05,2025-10-17T05:00,43.9,87,5.4,0.0,1019.1,2
Detroit,42.33,-83.05,2025-10-17T06:00,41.5,97,0.8,0.0,1019.2,96
Detroit,42.33,-83.05,2025-10-17T07:00,42.2,93,0.5,0.0,1019.0,38
Detroit,42.33,-83.05,2025-10-17T08:00,42.5,85,2.8,0.0,1019.0,29
Detroit,42.33,-83.05,2025-10-17T09:00,42.8,82,2.7,0.0,1018.9,73
Detroit,42.33,-83.05,2025-10-17T10:00,42.5,92,4.9,0.0,1018.6,99
Detroit,42.33,-83.05,2025-10-17T11:00,44.4,92,3.2,0.0,1018.3,73
Detroit,42.33,-83.05,2025-10-17T12:00,44.8,84,3.7,0.0,1018.5,1
Detroit,42.33,-83.05,2025-10-17T13:00,48.5,82,6.1,0.0,1018.4,6
Detroit,42.33,-83.05,2025-10-17T14:00,54.4,63,12.7,0.0,1018.2,30
Detroit,42.33,-83.05,2025-10-17T15:00,57.4,61,14.1,0.0,1017.6,69
Detroit,42.33,-83.05,2025-10-17T16:00,61.4,52,16.1,0.0,1017.0,53
Detroit,42.33,-83.05,2025-10-17T17:00,62.8,48,14.8,0.0,1016.3,15
Detroit,42.33,-83.05,2025-10-17T18:00,64.6,45,15.9,0.0,1015.1,81
Detroit,42.33,-83.05,2025-10-17T19:00,65.8,44,15.8,0.0,1014.1,99
Detroit,42.33,-83.05,2025-10-17T20:00,65.7,43,15.5,0.0,1013.3,37
Detroit,42.33,-83.05,2025-10-17T21:00,64.8,45,14.1,0.0,1012.8,99
Detroit,42.33,-83.05,2025-10-17T22:00,62.9,48,10.9,0.0,1012.2,99
Detroit,42.33,-83.05,2025-10-17T23:00,60.5,49,5.7,0.0,1011.9,71
Detroit,42.33,-83.05,2025-10-18T00:00,59.1,55,8.4,0.0,1011.8,73
Detroit,42.33,-83.05,2025-10-18T01:00,59.2,60,6.9,0.0,1011.6,99
Detroit,42.33,-83.05,2025-10-18T02:00,59.1,58,6.3,0.0,1011.7,95
Detroit,42.33,-83.05,2025-10-18T03:00,60.2,57,10.8,0.0,1011.4,76
Detroit,42.33,-83.05,2025-10-18T04:00,59.6,56,7.6,0.0,1011.1,5
Detroit,42.33,-83.05,2025-10-18T05:00,60.4,55,14.8,0.0,1010.2,31
Detroit,42.33,-83.05,2025-10-18T06:00,61.1,52,15.2,0.0,1010.3,4
Detroit,42.33,-83.05,2025-10-18T07:00,59.5,63,11.5,0.0,1010.1,31
Detroit,42.33,-83.05,2025-10-18T08:00,59.8,63,10.2,0.0,1009.8,89
Detroit,42.33,-83.05,2025-10-18T09:00,59.5,63,10.8,0.0,1009.6,9
Detroit,42.33,-83.05,2025-10-18T10:00,58.2,63,10.4,0.0,1009.2,46
Detroit,42.33,-83.05,2025-10-18T11:00,58.3,61,11.9,0.0,1008.8,0
Detroit,42.33,-83.05,2025-10-18T12:00,57.6,65,11.2,0.0,1008.8,0
Detroit,42.33,-83.05,2025-10-18T13:00,59.7,68,11.9,0.0,1009.1,100
Detroit,42.33,-83.05,2025-10-18T14:00,63.9,62,15.5,0.0,1009.2,99
Detroit,42.33,-83.05,2025-10-18T15:00,66.2,61,14.9,0.0,1008.9,0
Detroit,42.33,-83.05,2025-10-18T16:00,69.6,60,14.1,0.0,1008.3,68
Detroit,42.33,-83.05,2025-10-18T17:00,71.3,60,16.9,0.0,1007.4,10
Detroit,42.33,-83.05,2025-10-18T18:00,74.9,52,15.5,0.0,1006.4,1
Detroit,42.33,-83.05,2025-10-18T19:00,76.9,52,19.5,0.0,1005.4,27
Detroit,42.33,-83.05,2025-10-18T20:00,78.6,53,20.2,0.0,1004.5,32
Detroit,42.33,-83.05,2025-10-18T21:00,76.5,50,14.6,0.0,1004.5,100
Detroit,42.33,-83.05,2025-10-18T22:00,74.6,53,16.6,0.0,1003.6,92
Detroit,42.33,-83.05,2025-10-18T23:00,71.8,57,19.6,0.0,1004.4,100
Detroit,42.33,-83.05,2025-10-19T00:00,70.7,67,24.5,0.0,1004.6,99
Detroit,42.33,-83.05,2025-10-19T01:00,70.1,65,18.8,0.0,1004.6,99
Detroit,42.33,-83.05,2025-10-19T02:00,69.5,75,11.4,0.0,1004.7,99
Detroit,42.33,-83.05,2025-10-19T03:00,67.3,85,4.9,0.0,1004.7,99
Detroit,42.33,-83.05,2025-10-19T04:00,65.8,88,5.7,0.0,1004.0,99
Detroit,42.33,-83.05,2025-10-19T05:00,66.5,85,4.9,0.2,1002.7,99
Detroit,42.33,-83.05,2025-10-19T06:00,65.7,90,1.8,0.0,1001.1,73
Detroit,42.33,-83.05,2025-10-19T07:00,64.8,92,1.3,0.0,999.8,100
Detroit,42.33,-83.05,2025-10-19T08:00,65.0,88,6.4,0.0,998.1,95
Detroit,42.33,-83.05,2025-10-19T09:00,67.8,75,26.6,0.0,996.8,100
Detroit,42.33,-83.05,2025-10-19T10:00,66.4,85,28.0,0.0,996.2,100
Detroit,42.33,-83.05,2025-10-19T11:00,64.2,91,31.1,0.6,996.2,100
Detroit,42.33,-83.05,2025-10-19T12:00,64.5,92,22.3,1.5,996.1,100
Detroit,42.33,-83.05,2025-10-19T13:00,64.8,89,23.9,0.2,995.1,100
Detroit,42.33,-83.05,2025-10-19T14:00,64.8,86,27.5,0.1,994.5,100
Detroit,42.33,-83.05,2025-10-19T15:00,64.0,92,21.5,1.0,994.5,100
Detroit,42.33,-83.05,2025-10-19T16:00,60.2,93,20.5,0.7,995.1,100
Detroit,42.33,-83.05,2025-10-19T17:00,59.4,91,20.1,0.2,995.8,100
Detroit,42.33,-83.05,2025-10-19T18:00,59.6,90,12.8,0.0,996.1,100
Detroit,42.33,-83.05,2025-10-19T19:00,59.6,85,14.5,0.0,996.1,100
Detroit,42.33,-83.05,2025-10-19T20:00,60.0,85,22.1,0.0,996.7,100
Detroit,42.33,-83.05,2025-10-19T21:00,55.1,89,23.1,0.6,998.3,100
Detroit,42.33,-83.05,2025-10-19T22:00,53.0,84,24.8,0.0,999.9,100
Detroit,42.33,-83.05,2025-10-19T23:00,52.0,88,25.1,0.0,1001.8,100
Minneapolis,44.98,-93.27,2025-10-13T00:00,65.9,68,12.5,0.0,1003.9,93
Minneapolis,44.98,-93.27,2025-10-13T01:00,65.9,68,12.7,0.0,1004.6,100
Minneapolis,44.98,-93.27,2025-10-13T02:00,65.5,70,20.5,0.0,1004.8,100
Minneapolis,44.98,-93.27,2025-10-13T03:00,63.1,81,8.0,1.2,1006.3,100
Minneapolis,44.98,-93.27,2025-10-13T04:00,60.1,86,20.3,0.4,1008.5,100
Minneapolis,44.98,-93.27,2025-10-13T05:00,58.4,91,6.8,0.1,1009.9,95
Minneapolis,44.98,-93.27,2025-10-13T06:00,57.7,90,6.0,0.0,1010.7,73
Minneapolis,44.98,-93.27,2025-10-13T07:00,56.3,83,8.3,0.0,1012.1,4
Minneapolis,44.98,-93.27,2025-10-13T08:00,53.6,79,10.3,0.0,1013.5,1
Minneapolis,44.98,-93.27,2025-10-13T09:00,50.2,76,10.8,0.0,1014.4,3
Minneapolis,44.98,-93.27,2025-10-13T10:00,47.4,74,10.0,0.0,1015.8,0
Minneapolis,44.98,-93.27,2025-10-13T11:00,45.5,79,6.5,0.0,1016.7,1
Minneapolis,44.98,-93.27,2025-10-13T12:00,43.9,81,5.1,0.0,1017.7,0
Minneapolis,44.98,-93.27,2025-10-13T13:00,43.3,81,4.7,0.0,1018.7,0
Minneapolis,44.98,-93.27,2025-10-13T14:00,46.4,76,10.5,0.0,1020.4,0
Minneapolis,44.98,-93.27,2025-10-13T15:00,49.0,69,14.9,0.0,1021.1,4
Minneapolis,44.98,-93.27,2025-10-13T16:00,51.6,66,11.5,0.0,1021.6,6
Minneapolis,44.98,-93.27,2025-10-13T17:00,54.6,59,9.5,0.0,1021.6,6
Minneapolis,44.98,-93.27,2025-10-13T18:00,57.4,54,10.9,0.0,1021.5,2
Minneapolis,44.98,-93.27,2025-10-13T19:00,59.0,53,11.8,0.0,1021.5,3
Minneapolis,44.98,-93.27,2025-10-13T20:00,60.4,50,8.2,0.0,1021.6,5
Minneapolis,44.98,-93.27,2025-10-13T21:00,61.3,46,8.1,0.0,1021.8,4
Minneapolis,44.98,-93.27,2025-10-13T22:00,60.5,47,6.9,0.0,1022.3,0
Minneapolis,44.98,-93.27,2025-10-13T23:00,57.0,50,5.1,0.0,1023.3,0
Minneapolis,44.98,-93.27,2025-10-14T00:00,55.2,49,4.7,0.0,1023.6,4
Minneapolis,44.98,-93.27,2025-10-14T01:00,51.8,56,3.3,0.0,1024.3,61
Minneapolis,44.98,-93.27,2025-10-14T02:00,49.8,67,4.5,0.0,1025.1,0
Minneapolis,44.98,-93.27,2025-10-14T03:00,51.0,64,5.1,0.0,1025.4,18
Minneapolis,44.98,-93.27,2025-10-14T04:00,50.7,64,5.0,0.0,1025.7,45
Minneapolis,44.98,-93.27,2025-10-14T05:00,50.3,65,3.3,0.0,1025.7,27
Minneapolis,44.98,-93.27,2025-10-14T06:00,50.8,64,3.6,0.0,1025.9,100
Minneapolis,44.98,-93.27,2025-10-14T07:00,50.7,67,5.4,0.0,1026.5,100
Minneapolis,44.98,-93.27,2025-10-14T08:00,51.0,60,5.1,0.0,1026.9,99
Minneapolis,44.98,-93.27,2025-10-14T09:00,50.9,63,6.4,0.0,1026.9,73
Minneapolis,44.98,-93.27,2025-10-14T10:00,50.7,63,10.1,0.0,1028.1,100
Minneapolis,44.98,-93.27,2025-10-14T11:00,49.7,66,11.0,0.0,1028.6,99
Minneapolis,44.98,-93.27,2025-10-14T12:00,48.5,70,3.3,0.0,1029.0,98
Minneapolis,44.98,-93.27,2025-10-14T13:00,46.3,93,5.2,0.2,1029.7,99
Minneapolis,44.98,-93.27,2025-10-14T14:00,45.9,91,7.6,0.2,1029.3,99
Minneapolis,44.98,-93.27,2025-10-14T15:00,47.4,87,6.9,0.0,1029.9,99
Minneapolis,44.98,-93.27,2025-10-14T16:00,47.7,85,6.3,0.0,1030.3,100
Minneapolis,44.98,-93.27,2025-10-14T17:00,49.3,82,7.3,0.0,1030.4,99
Minneapolis,44.98,-93.27,2025-10-14T18:00,50.8,81,7.0,0.0,1029.6,99
Minneapolis,44.98,-93.27,2025-10-14T19:00,50.3,85,4.3,0.1,1029.2,99
Minneapolis,44.98,-93.27,2025-10-14T20:00,49.7,94,6.4,0.3,1028.8,100
Minneapolis,44.98,-93.27,2025-10-14T21:00,49.4,95,6.9,1.4,1028.5,100
Minneapolis,44.98,-93.27,2025-10-14T22:00,49.3,93,8.0,1.0,1027.9,100
Minneapolis,44.98,-93.27,2025-10-14T23:00,48.7,94,10.0,2.6,1027.7,100
Minneapolis,44.98,-93.27,2025-10-15T00:00,48.3,93,7.4,1.1,1027.2,100
Minneapolis,44.98,-93.27,2025-10-15T01:00,47.9,94,8.9,0.6,1027.2,100
Minneapolis,44.98,-93.27,2025-10-15T02:00,47.6,93,9.1,0.5,1027.3,100
Minneapolis,44.98,-93.27,2025-10-15T03:00,47.5,93,9.8,0.0,1027.2,100
Minneapolis,44.98,-93.27,2025-10-15T04:00,47.4,95,11.6,0.1,1026.8,100
Minneapolis,44.98,-93.27,2025-10-15T05:00,47.3,93,7.7,0.0,1026.0,100
Minneapolis,44.98,-93.27,2025-10-15T06:00,47.5,93,7.3,0.0,1025.4,100
Minneapolis,44.98,-93.27,2025-10-15T07:00,47.6,94,7.6,0.0,1025.2,100
Minneapolis,44.98,-93.27,2025-10-15T08:00,47.6,94,6.2,0.0,1025.1,100
Minneapolis,44.98,-93.27,2025-10-15T09:00,47.7,93,7.6,0.0,1024.7,100
Minneapolis,44.98,-93.27,2025-10-15T10:00,47.6,95,8.3,0.0,1024.5,100
Minneapolis,44.98,-93.27,2025-10-15T11:00,47.5,95,8.7,0.0,1024.6,100
Minneapolis,44.98,-93.27,2025-10-15T12:00,47.7,95,7.6,0.0,1024.6,100
Minneapolis,44.98,-93.27,2025-10-15T13:00,47.5,97,8.8,0.0,1024.4,100
Minneapolis,44.98,-93.27,2025-10-15T14:00,48.0,95,8.1,0.0,1024.6,100
Minneapolis,44.98,-93.27,2025-10-15T15:00,49.2,94,9.1,0.0,1024.6,100
Minneapolis,44.98,-93.27,2025-10-15T16:00,50.1,94,10.7,0.0,1024.0,100
Minneapolis,44.98,-93.27,2025-10-15T17:00,50.2,94,10.2,0.0,1023.4,100
Minneapolis,44.98,-93.27,2025-10-15T18:00,50.9,94,10.4,0.0,1022.8,100
Minneapolis,44.98,-93.27,2025-10-15T19:00,51.2,93,9.3,0.0,1022.4,100
Minneapolis,44.98,-93.27,2025-10-15T20:00,51.4,94,9.6,0.0,1022.2,100
Minneapolis,44.98,-93.27,2025-10-15T21:00,51.6,94,8.3,0.0,1021.9,100
Minneapolis,44.98,-93.27,2025-10-15T22:00,52.2,92,9.4,0.0,1021.6,100
Minneapolis,44.98,-93.27,2025-10-15T23:00,52.0,91,9.2,0.0,1021.5,100
Minneapolis,44.98,-93.27,2025-10-16T00:00,52.1,90,7.1,0.0,1021.4,100
Minneapolis,44.98,-93.27,2025-10-16T01:00,52.2,92,8.7,0.0,1021.4,100
Minneapolis,44.98,-93.27,2025-10-16T02:00,52.2,92,8.8,0.0,1021.3,100
Minneapolis,44.98,-93.27,2025-10-16T03:00,52.4,93,9.7,0.0,1020.9,100
Minneapolis,44.98,-93.27,2025-10-16T04:00,52.2,93,11.3,0.0,1020.6,100
Minneapolis,44.98,-93.27,2025-10-16T05:00,52.4,94,12.9,0.0,1020.1,100
Minneapolis,44.98,-93.27,2025-10-16T06:00,52.6,94,12.6,0.0,1019.9,100
Minneapolis,44.98,-93.27,2025-10-16T07:00,52.8,93,12.7,0.0,1020.1,100
Minneapolis,44.98,-93.27,2025-10-16T08:00,53.3,91,11.0,0.0,1019.7,100
Minneapolis,44.98,-93.27,2025-10-16T09:00,53.6,91,14.2,0.0,1019.2,100
Minneapolis,44.98,-93.27,2025-10-16T10:00,53.7,94,13.1,0.0,1018.7,100
Minneapolis,44.98,-93.27,2025-10-16T11:00,54.3,92,13.8,0.0,1018.3,100
Minneapolis,44.98,-93.27,2025-10-16T12:00,53.9,92,15.0,0.0,1017.7,100
Minneapolis,44.98,-93.27,2025-10-16T13:00,53.8,97,15.0,0.0,1017.5,100
Minneapolis,44.98,-93.27,2025-10-16T14:00,54.5,96,17.3,0.0,1017.1,100
Minneapolis,44.98,-93.27,2025-10-16T15:00,55.5,94,18.3,0.0,1016.4,100
Minneapolis,44.98,-93.27,2025-10-16T16:00,56.6,92,17.1,0.0,1015.9,100
Minneapolis,44.98,-93.27,2025-10-16T17:00,57.1,93,14.8,1.9,1015.4,100
Minneapolis,44.98,-93.27,2025-10-16T18:00,58.8,91,20.6,3.7,1013.9,100
Minneapolis,44.98,-93.27,2025-10-16T19:00,61.1,92,14.7,0.0,1013.0,100
Minneapolis,44.98,-93.27,2025-10-16T20:00,62.8,89,14.5,0.0,1011.9,86
Minneapolis,44.98,-93.27,2025-10-16T21:00,64.0,86,16.3,0.0,1011.1,58
Minneapolis,44.98,-93.27,2025-10-16T22:00,64.1,83,15.9,0.0,1010.2,51
Minneapolis,44.98,-93.27,2025-10-16T23:00,63.2,84,16.1,0.0,1010.2,21
Minneapolis,44.98,-93.27,2025-10-17T00:00,62.7,86,14.7,0.0,1010.3,99
Minneapolis,44.98,-93.27,2025-10-17T01:00,62.0,87,12.8,0.0,1010.3,93
Minneapolis,44.98,-93.27,2025-10-17T02:00,61.9,89,14.1,0.0,1009.8,100
Minneapolis,44.98,-93.27,2025-10-17T03:00,62.3,88,12.3,0.0,1008.8,89
Minneapolis,44.98,-93.27,2025-10-17T04:00,62.9,85,16.0,0.0,1008.1,19
Minneapolis,44.98,-93.27,2025-10-17T05:00,62.6,85,13.0,0.0,1007.3,14
Minneapolis,44.98,-93.27,2025-10-17T06:00,63.0,85,12.1,0.0,1007.2,100
Minneapolis,44.98,-93.27,2025-10-17T07:00,62.9,86,8.9,0.0,1007.7,100
Minneapolis,44.98,-93.27,2025-10-17T08:00,63.0,84,13.4,0.0,1006.9,15
Minneapolis,44.98,-93.27,2025-10-17T09:00,62.1,85,12.2,0.0,1006.2,99
Minneapolis,44.98,-93.27,2025-10-17T10:00,62.5,83,10.1,0.0,1005.2,99
Minneapolis,44.98,-93.27,2025-10-17T11:00,61.9,85,9.2,0.0,1004.6,98
Minneapolis,44.98,-93.27,2025-10-17T12:00,61.4,83,10.0,0.0,1003.8,98
Minneapolis,44.98,-93.27,2025-10-17T13:00,62.0,82,8.7,0.0,1003.7,98
Minneapolis,44.98,-93.27,2025-10-17T14:00,63.1,85,10.8,0.0,1003.7,100
Minneapolis,44.98,-93.27,2025-10-17T15:00,63.6,81,11.7,0.0,1003.4,96
Minneapolis,44.98,-93.27,2025-10-17T16:00,65.7,79,11.3,0.0,1002.9,15
Minneapolis,44.98,-93.27,2025-10-17T17:00,66.3,77,12.3,0.0,1002.7,35
Minneapolis,44.98,-93.27,2025-10-17T18:00,67.3,76,13.3,0.0,1002.1,7
Minneapolis,44.98,-93.27,2025-10-17T19:00,69.0,72,15.8,0.0,1001.4,100
Minneapolis,44.98,-93.27,2025-10-17T20:00,71.1,67,16.9,0.0,1000.7,100
Minneapolis,44.98,-93.27,2025-10-17T21:00,71.4,58,16.8,0.0,1000.2,4
Minneapolis,44.98,-93.27,2025-10-17T22:00,71.1,50,17.8,0.0,1000.0,0
Minneapolis,44.98,-93.27,2025-10-17T23:00,68.1,49,11.5,0.0,1000.5,0
Minneapolis,44.98,-93.27,2025-10-18T00:00,65.0,56,6.3,0.0,1000.7,0
Minneapolis,44.98,-93.27,2025-10-18T01:00,62.1,62,6.4,0.0,1000.9,0
Minneapolis,44.98,-93.27,2025-10-18T02:00,59.9,65,4.8,0.0,1001.2,0
Minneapolis,44.98,-93.27,2025-10-18T03:00,57.3,70,4.6,0.0,1001.7,0
Minneapolis,44.98,-93.27,2025-10-18T04:00,55.8,74,2.8,0.0,1001.4,0
Minneapolis,44.98,-93.27,2025-10-18T05:00,53.9,80,5.4,0.0,1001.1,0
Minneapolis,44.98,-93.27,2025-10-18T06:00,52.8,80,5.2,0.0,1000.7,0
Minneapolis,44.98,-93.27,2025-10-18T07:00,51.9,82,5.4,0.0,1000.4,0
Minneapolis,44.98,-93.27,2025-10-18T08:00,50.8,85,3.6,0.0,1000.2,0
Minneapolis,44.98,-93.27,2025-10-18T09:00,49.8,87,3.7,0.0,1000.2,0
Minneapolis,44.98,-93.27,2025-10-18T10:00,49.5,87,4.0,0.0,1000.6,1
Minneapolis,44.98,-93.27,2025-10-18T11:00,48.9,87,3.9,0.0,1000.9,0
Minneapolis,44.98,-93.27,2025-10-18T12:00,48.3,87,4.8,0.0,1001.2,0
Minneapolis,44.98,-93.27,2025-10-18T13:00,48.3,88,3.7,0.0,1002.1,1
Minneapolis,44.98,-93.27,2025-10-18T14:00,51.1,90,5.8,0.0,1003.1,4
Minneapolis,44.98,-93.27,2025-10-18T15:00,54.9,79,9.2,0.0,1003.7,4
Minneapolis,44.98,-93.27,2025-10-18T16:00,57.4,74,7.6,0.0,1004.5,2
Minneapolis,44.98,-93.27,2025-10-18T17:00,60.2,68,13.8,0.0,1004.8,5
Minneapolis,44.98,-93.27,2025-10-18T18:00,60.9,60,18.4,0.0,1005.1,15
Minneapolis,44.98,-93.27,2025-10-18T19:00,61.4,55,17.9,0.0,1005.2,15
Minneapolis,44.98,-93.27,2025-10-18T20:00,63.3,45,18.2,0.0,1004.9,19
Minneapolis,44.98,-93.27,2025-10-18T21:00,62.2,50,18.6,0.0,1005.3,9
Minneapolis,44.98,-93.27,2025-10-18T22:00,59.3,50,18.2,0.0,1006.0,6
Minneapolis,44.98,-93.27,2025-10-18T23:00,57.3,50,10.1,0.0,1007.2,99
Minneapolis,44.98,-93.27,2025-10-19T00:00,57.2,49,11.7,0.0,1008.2,99
Minneapolis,44.98,-93.27,2025-10-19T01:00,56.1,50,12.6,0.0,1008.7,99
Minneapolis,44.98,-93.27,2025-10-19T02:00,54.2,58,10.2,0.0,1009.0,27
Minneapolis,44.98,-93.27,2025-10-19T03:00,52.4,60,10.7,0.0,1009.1,86
Minneapolis,44.98,-93.27,2025-10-19T04:00,51.9,57,11.2,0.0,1009.5,99
Minneapolis,44.98,-93.27,2025-10-19T05:00,50.1,58,9.2,0.0,1009.4,86
Minneapolis,44.98,-93.27,2025-10-19T06:00,47.7,64,7.7,0.0,1009.2,0
Minneapolis,44.98,-93.27,2025-10-19T07:00,46.3,63,11.9,0.0,1009.1,0
Minneapolis,44.98,-93.27,2025-10-19T08:00,45.7,65,12.8,0.0,1008.9,0
Minneapolis,44.98,-93.27,2025-10-19T09:00,43.9,73,8.3,0.0,1008.8,0
Minneapolis,44.98,-93.27,2025-10-19T10:00,43.1,73,8.0,0.0,1009.3,0
Minneapolis,44.98,-93.27,2025-10-19T11:00,41.7,78,7.3,0.0,1009.6,0
Minneapolis,44.98,-93.27,2025-10-19T12:00,41.1,81,7.0,0.0,1009.9,0
Minneapolis,44.98,-93.27,2025-10-19T13:00,40.5,83,8.0,0.0,1010.2,0
Minneapolis,44.98,-93.27,2025-10-19T14:00,44.2,79,13.2,0.0,1010.6,0
Minneapolis,44.98,-93.27,2025-10-19T15:00,47.7,72,17.7,0.0,1010.9,0
Minneapolis,44.98,-93.27,2025-10-19T16:00,51.0,63,21.1,0.0,1010.9,0
Minneapolis,44.98,-93.27,2025-10-19T17:00,54.0,56,22.6,0.0,1011.1,0
Minneapolis,44.98,-93.27,2025-10-19T18:00,55.5,49,22.8,0.0,1010.8,0
Minneapolis,44.98,-93.27,2025-10-19T19:00,57.3,45,22.9,0.0,1010.6,29
Minneapolis,44.98,-93.27,2025-10-19T20:00,58.2,40,20.6,0.0,1010.0,1
Minneapolis,44.98,-93.27,2025-10-19T21:00,58.2,40,19.8,0.0,1009.9,0
Minneapolis,44.98,-93.27,2025-10-19T22:00,58.0,39,18.1,0.0,1010.4,0
Minneapolis,44.98,-93.27,2025-10-19T23:00,56.3,37,11.7,0.0,1010.5,0
St. Louis,38.63,-90.2,2025-10-13T00:00,70.4,51,8.1,0.0,1010.5,0
St. Louis,38.63,-90.2,2025-10-13T01:00,68.2,56,5.4,0.0,1011.0,7
St. Louis,38.63,-90.2,2025-10-13T02:00,66.8,60,5.6,0.0,1011.6,10
St. Louis,38.63,-90.2,2025-10-13T03:00,67.4,60,6.1,0.0,1012.4,99
St. Louis,38.63,-90.2,2025-10-13T04:00,65.2,69,3.2,0.0,1012.9,83
St. Louis,38.63,-90.2,2025-10-13T05:00,64.4,74,5.9,0.0,1013.2,0
St. Louis,38.63,-90.2,2025-10-13T06:00,63.1,70,5.2,0.0,1013.3,0
St. Louis,38.63,-90.2,2025-10-13T07:00,61.7,71,4.7,0.0,1013.6,0
St. Louis,38.63,-90.2,2025-10-13T08:00,61.0,73,6.6,0.0,1013.6,0
St. Louis,38.63,-90.2,2025-10-13T09:00,60.4,76,5.4,0.0,1013.7,0
St. Louis,38.63,-90.2,2025-10-13T10:00,61.3,77,1.8,0.0,1014.1,2
St. Louis,38.63,-90.2,2025-10-13T11:00,61.1,79,4.4,0.0,1014.9,0
St. Louis,38.63,-90.2,2025-10-13T12:00,61.0,80,3.8,0.0,1015.4,2
St. Louis,38.63,-90.2,2025-10-13T13:00,62.5,78,6.3,0.0,1016.3,89
St. Louis,38.63,-90.2,2025-10-13T14:00,64.7,69,8.2,0.0,1016.7,100
St. Louis,38.63,-90.2,2025-10-13T15:00,68.3,61,5.1,0.0,1016.9,100
St. Louis,38.63,-90.2,2025-10-13T16:00,70.0,62,3.3,0.0,1017.1,100
St. Louis,38.63,-90.2,2025-10-13T17:00,71.1,64,3.7,0.0,1017.4,100
St. Louis,38.63,-90.2,2025-10-13T18:00,73.6,64,2.7,0.0,1017.1,100
St. Louis,38.63,-90.2,2025-10-13T19:00,78.2,59,8.4,0.0,1016.5,43
St. Louis,38.63,-90.2,2025-10-13T20:00,79.2,59,4.8,0.0,1016.7,25
St. Louis,38.63,-90.2,2025-10-13T21:00,79.7,56,3.3,0.0,1016.7,2
St. Louis,38.63,-90.2,2025-10-13T22:00,79.6,53,4.8,0.0,1016.8,1
St. Louis,38.63,-90.2,2025-10-13T23:00,76.2,57,4.1,0.0,1017.3,1
St. Louis,38.63,-90.2,2025-10-14T00:00,73.8,57,3.2,0.0,1017.9,0
St. Louis,38.63,-90.2,2025-10-14T01:00,70.7,65,6.9,0.0,1018.6,0
St. Louis,38.63,-90.2,2025-10-14T02:00,69.0,70,0.8,0.0,1018.8,5
St. Louis,38.63,-90.2,2025-10-14T03:00,66.6,76,3.8,0.0,1019.9,4
St. Louis,38.63,-90.2,2025-10-14T04:00,67.0,74,5.7,0.0,1019.9,2
St. Louis,38.63,-90.2,2025-10-14T05:00,67.1,72,3.1,0.0,1020.1,40
St. Louis,38.63,-90.2,2025-10-14T06:00,65.4,77,1.8,0.0,1020.5,0
St. Louis,38.63,-90.2,2025-10-14T07:00,64.1,79,3.3,0.0,1020.8,0
St. Louis,38.63,-90.2,2025-10-14T08:00,62.3,82,2.5,0.0,1021.0,0
St. Louis,38.63,-90.2,2025-10-14T09:00,60.8,84,2.0,0.0,1021.2,1
St. Louis,38.63,-90.2,2025-10-14T10:00,60.7,81,2.8,0.0,1021.7,9
St. Louis,38.63,-90.2,2025-10-14T11:00,59.9,82,2.4,0.0,1022.2,50
St. Louis,38.63,-90.2,2025-10-14T12:00,58.3,86,3.7,0.0,1022.7,29
St. Louis,38.63,-90.2,2025-10-14T13:00,59.3,92,2.1,0.0,1023.5,4
St. Louis,38.63,-90.2,2025-10-14T14:00,64.3,80,3.3,0.0,1024.2,1
St. Louis,38.63,-90.2,2025-10-14T15:00,69.6,67,2.5,0.0,1024.6,44
St. Louis,38.63,-90.2,2025-10-14T16:00,73.1,55,3.2,0.0,1024.7,50
St. Louis,38.63,-90.2,2025-10-14T17:00,77.7,48,5.7,0.0,1024.4,39
St. Louis,38.63,-90.2,2025-10-14T18:00,80.6,39,7.6,0.0,1023.6,41
St. Louis,38.63,-90.2,2025-10-14T19:00,82.4,39,5.2,0.0,1022.7,37
St. Louis,38.63,-90.2,2025-10-14T20:00,83.0,38,7.6,0.0,1022.2,24
St. Louis,38.63,-90.2,2025-10-14T21:00,82.3,40,5.6,0.0,1021.8,5
St. Louis,38.63,-90.2,2025-10-14T22:00,82.5,40,6.1,0.0,1021.8,0
St. Louis,38.63,-90.2,2025-10-14T23:00,79.3,41,4.0,0.0,1021.8,0
St. Louis,38.63,-90.2,2025-10-15T00:00,74.1,49,6.9,0.0,1021.9,0
St. Louis,38.63,-90.2,2025-10-15T01:00,69.8,58,3.6,0.0,1022.0,0
St. Louis,38.63,-90.2,2025-10-15T02:00,68.8,62,3.3,0.0,1022.5,30
St. Louis,38.63,-90.2,2025-10-15T03:00,68.1,62,5.8,0.0,1022.6,50
St. Louis,38.63,-90.2,2025-10-15T04:00,66.5,63,4.4,0.0,1022.7,50
St. Louis,38.63,-90.2,2025-10-15T05:00,64.7,70,2.6,0.0,1022.0,22
St. Louis,38.63,-90.2,2025-10-15T06:00,63.4,73,2.3,0.0,1021.8,0
St. Louis,38.63,-90.2,2025-10-15T07:00,61.6,77,2.1,0.0,1021.8,0
St. Louis,38.63,-90.2,2025-10-15T08:00,60.8,80,3.1,0.0,1021.4,0
St. Louis,38.63,-90.2,2025-10-15T09:00,60.4,80,4.9,0.0,1021.4,0
St. Louis,38.63,-90.2,2025-10-15T10:00,59.4,84,3.9,0.0,1021.4,0
St. Louis,38.63,-90.2,2025-10-15T11:00,58.6,84,3.4,0.0,1021.5,0
St. Louis,38.63,-90.2,2025-10-15T12:00,58.6,83,2.5,0.0,1021.8,5
St. Louis,38.63,-90.2,2025-10-15T13:00,60.1,88,1.8,0.0,1022.3,8
St. Louis,38.63,-90.2,2025-10-15T14:00,65.4,83,1.6,0.0,1022.3,6
St. Louis,38.63,-90.2,2025-10-15T15:00,71.3,71,4.0,0.0,1022.4,2
St. Louis,38.63,-90.2,2025-10-15T16:00,76.2,60,3.6,0.0,1021.8,8
St. Louis,38.63,-90.2,2025-10-15T17:00,79.6,51,3.8,0.0,1021.5,40
St. Louis,38.63,-90.2,2025-10-15T18:00,82.1,48,0.4,0.0,1020.9,21
St. Louis,38.63,-90.2,2025-10-15T19:00,84.0,43,1.9,0.0,1019.9,18
St. Louis,38.63,-90.2,2025-10-15T20:00,84.2,41,7.3,0.0,1019.3,16
St. Louis,38.63,-90.2,2025-10-15T21:00,83.8,43,9.1,0.0,1018.9,17
St. Louis,38.63,-90.2,2025-10-15T22:00,82.5,45,8.2,0.0,1018.6,3
St. Louis,38.63,-90.2,2025-10-15T23:00,80.0,45,7.7,0.0,1018.7,0
St. Louis,38.63,-90.2,2025-10-16T00:00,75.2,50,3.4,0.0,1018.8,0
St. Louis,38.63,-90.2,2025-10-16T01:00,71.6,59,6.6,0.0,1018.9,0
St. Louis,38.63,-90.2,2025-10-16T02:00,69.1,66,3.2,0.0,1018.9,0
St. Louis,38.63,-90.2,2025-10-16T03:00,67.9,70,1.5,0.0,1019.3,0
St. Louis,38.63,-90.2,2025-10-16T04:00,67.7,73,2.7,0.0,1018.8,0
St. Louis,38.63,-90.2,2025-10-16T05:00,66.2,77,4.7,0.0,1018.6,0
St. Louis,38.63,-90.2,2025-10-16T06:00,65.2,80,2.5,0.0,1018.7,0
St. Louis,38.63,-90.2,2025-10-16T07:00,64.7,79,4.4,0.0,1018.9,0
St. Louis,38.63,-90.2,2025-10-16T08:00,63.8,77,3.6,0.0,1018.6,0
St. Louis,38.63,-90.2,2025-10-16T09:00,62.9,78,3.7,0.0,1018.7,0
St. Louis,38.63,-90.2,2025-10-16T10:00,61.5,82,2.3,0.0,1018.8,3
St. Louis,38.63,-90.2,2025-10-16T11:00,60.8,83,3.3,0.0,1018.9,0
St. Louis,38.63,-90.2,2025-10-16T12:00,61.1,81,3.1,0.0,1019.2,0
St. Louis,38.63,-90.2,2025-10-16T13:00,61.0,88,0.8,0.0,1019.5,1
St. Louis,38.63,-90.2,2025-10-16T14:00,64.5,86,2.1,0.0,1020.0,14
St. Louis,38.63,-90.2,2025-10-16T15:00,67.1,84,4.7,0.0,1020.1,50
St. Louis,38.63,-90.2,2025-10-16T16:00,71.4,76,6.4,0.0,1020.2,100
St. Louis,38.63,-90.2,2025-10-16T17:00,75.2,65,9.2,0.0,1019.2,50
St. Louis,38.63,-90.2,2025-10-16T18:00,79.0,56,10.3,0.0,1018.0,4
St. Louis,38.63,-90.2,2025-10-16T19:00,80.6,54,8.9,0.0,1016.9,4
St. Louis,38.63,-90.2,2025-10-16T20:00,81.7,49,8.1,0.0,1016.1,4
St. Louis,38.63,-90.2,2025-10-16T21:00,81.9,48,8.9,0.0,1015.5,7
St. Louis,38.63,-90.2,2025-10-16T22:00,80.8,50,10.8,0.0,1015.0,0
St. Louis,38.63,-90.2,2025-10-16T23:00,77.6,51,10.3,0.0,1014.7,0
St. Louis,38.63,-90.2,2025-10-17T00:00,75.2,56,6.9,0.0,1015.0,1
St. Louis,38.63,-90.2,2025-10-17T01:00,72.4,62,6.9,0.0,1015.3,8
St. Louis,38.63,-90.2,2025-10-17T02:00,71.0,63,6.5,0.0,1015.6,25
St. Louis,38.63,-90.2,2025-10-17T03:00,70.5,65,9.2,0.0,1015.4,8
St. Louis,38.63,-90.2,2025-10-17T04:00,70.0,66,6.9,0.0,1015.2,14
St. Louis,38.63,-90.2,2025-10-17T05:00,68.8,66,7.7,0.0,1014.9,49
St. Louis,38.63,-90.2,2025-10-17T06:00,66.9,75,9.7,0.0,1014.4,23
St. Louis,38.63,-90.2,2025-10-17T07:00,65.9,73,10.6,0.0,1014.4,2
St. Louis,38.63,-90.2,2025-10-17T08:00,64.4,76,10.2,0.0,1014.4,67
St. Louis,38.63,-90.2,2025-10-17T09:00,63.8,78,9.0,0.0,1014.5,84
St. Louis,38.63,-90.2,2025-10-17T10:00,62.9,77,8.1,0.0,1014.9,23
St. Louis,38.63,-90.2,2025-10-17T11:00,61.7,78,5.1,0.0,1015.2,67
St. Louis,38.63,-90.2,2025-10-17T12:00,61.2,79,6.3,0.0,1015.1,29
St. Louis,38.63,-90.2,2025-10-17T13:00,60.9,83,5.9,0.0,1014.8,2
St. Louis,38.63,-90.2,2025-10-17T14:00,64.1,80,9.4,0.0,1014.9,3
St. Louis,38.63,-90.2,2025-10-17T15:00,67.4,71,11.2,0.0,1014.8,62
St. Louis,38.63,-90.2,2025-10-17T16:00,69.8,70,13.0,0.0,1014.4,67
St. Louis,38.63,-90.2,2025-10-17T17:00,72.7,68,13.5,0.0,1013.5,51
St. Louis,38.63,-90.2,2025-10-17T18:00,74.3,67,10.7,0.0,1012.3,7
St. Louis,38.63,-90.2,2025-10-17T19:00,76.6,64,14.8,0.0,1010.8,2
St. Louis,38.63,-90.2,2025-10-17T20:00,79.1,57,12.1,0.0,1009.8,73
St. Louis,38.63,-90.2,2025-10-17T21:00,80.1,53,11.8,0.0,1008.9,99
St. Louis,38.63,-90.2,2025-10-17T22:00,79.7,50,14.0,0.0,1008.2,47
St. Louis,38.63,-90.2,2025-10-17T23:00,77.6,51,10.4,0.0,1008.2,11
St. Louis,38.63,-90.2,2025-10-18T00:00,76.6,51,10.5,0.0,1008.5,5
St. Louis,38.63,-90.2,2025-10-18T01:00,74.3,55,10.8,0.0,1008.6,4
St. Louis,38.63,-90.2,2025-10-18T02:00,73.5,58,10.8,0.0,1008.9,1
St. Louis,38.63,-90.2,2025-10-18T03:00,71.0,65,11.4,0.0,1009.1,1
St. Louis,38.63,-90.2,2025-10-18T04:00,69.6,71,8.3,0.0,1008.5,0
St. Louis,38.63,-90.2,2025-10-18T05:00,67.9,77,8.7,0.0,1008.2,3
St. Louis,38.63,-90.2,2025-10-18T06:00,67.8,76,9.7,0.0,1007.9,0
St. Louis,38.63,-90.2,2025-10-18T07:00,66.6,77,9.2,0.0,1007.5,0
St. Louis,38.63,-90.2,2025-10-18T08:00,66.4,74,9.8,0.0,1007.2,1
St. Louis,38.63,-90.2,2025-10-18T09:00,66.0,75,11.3,0.0,1006.6,0
St. Louis,38.63,-90.2,2025-10-18T10:00,66.9,70,12.4,0.0,1006.9,0
St. Louis,38.63,-90.2,2025-10-18T11:00,65.9,77,10.0,0.0,1007.2,0
St. Louis,38.63,-90.2,2025-10-18T12:00,65.4,79,8.4,0.0,1007.4,4
St. Louis,38.63,-90.2,2025-10-18T13:00,66.3,81,13.1,0.0,1007.7,99
St. Louis,38.63,-90.2,2025-10-18T14:00,67.7,84,10.1,0.0,1007.7,100
St. Louis,38.63,-90.2,2025-10-18T15:00,70.9,83,10.2,0.0,1007.8,100
St. Louis,38.63,-90.2,2025-10-18T16:00,71.8,77,9.9,0.1,1008.1,99
St. Louis,38.63,-90.2,2025-10-18T17:00,65.3,90,10.1,6.9,1007.8,100
St. Louis,38.63,-90.2,2025-10-18T18:00,65.9,90,23.8,0.6,1007.3,100
St. Louis,38.63,-90.2,2025-10-18T19:00,65.1,91,10.0,3.0,1005.7,100
St. Louis,38.63,-90.2,2025-10-18T20:00,63.6,91,21.4,2.4,1005.7,100
St. Louis,38.63,-90.2,2025-10-18T21:00,63.8,94,6.8,9.2,1004.9,100
St. Louis,38.63,-90.2,2025-10-18T22:00,63.2,96,15.9,1.9,1004.2,90
St. Louis,38.63,-90.2,2025-10-18T23:00,62.5,90,12.8,13.2,1005.5,100
St. Louis,38.63,-90.2,2025-10-19T00:00,62.3,92,8.2,1.6,1005.7,100
St. Louis,38.63,-90.2,2025-10-19T01:00,62.5,96,6.4,5.4,1006.3,100
St. Louis,38.63,-90.2,2025-10-19T02:00,61.1,96,3.3,0.7,1005.8,100
St. Louis,38.63,-90.2,2025-10-19T03:00,60.7,98,13.4,1.9,1005.7,100
St. Louis,38.63,-90.2,2025-10-19T04:00,59.8,95,4.5,0.0,1005.4,100
St. Louis,38.63,-90.2,2025-10-19T05:00,59.4,91,7.0,0.0,1005.1,88
St. Louis,38.63,-90.2,2025-10-19T06:00,59.9,93,15.1,0.0,1004.7,100
St. Louis,38.63,-90.2,2025-10-19T07:00,59.8,87,15.6,0.0,1004.6,100
St. Louis,38.63,-90.2,2025-10-19T08:00,58.8,87,23.5,0.0,1005.4,100
St. Louis,38.63,-90.2,2025-10-19T09:00,55.4,82,27.5,0.0,1006.6,100
St. Louis,38.63,-90.2,2025-10-19T10:00,52.7,87,23.1,0.5,1008.5,100
St. Louis,38.63,-90.2,2025-10-19T11:00,51.5,86,18.7,0.3,1009.6,100
St. Louis,38.63,-90.2,2025-10-19T12:00,50.8,81,21.7,0.0,1010.7,70
St. Louis,38.63,-90.2,2025-10-19T13:00,49.9,82,19.5,0.0,1011.6,10
St. Louis,38.63,-90.2,2025-10-19T14:00,52.1,83,24.2,0.0,1012.5,1
St. Louis,38.63,-90.2,2025-10-19T15:00,54.7,70,21.0,0.0,1013.2,0
St. Louis,38.63,-90.2,2025-10-19T16:00,57.3,60,20.5,0.0,1014.2,0
St. Louis,38.63,-90.2,2025-10-19T17:00,59.4,53,24.8,0.0,1014.6,0
St. Louis,38.63,-90.2,2025-10-19T18:00,61.3,43,25.0,0.0,1014.6,2
St. Louis,38.63,-90.2,2025-10-19T19:00,61.3,45,24.6,0.0,1015.1,0
St. Louis,38.63,-90.2,2025-10-19T20:00,61.4,42,23.2,0.0,1014.9,0
St. Louis,38.63,-90.2,2025-10-19T21:00,60.9,37,21.1,0.0,1015.0,0
St. Louis,38.63,-90.2,2025-10-19T22:00,59.8,41,17.3,0.0,1015.7,0
St. Louis,38.63,-90.2,2025-10-19T23:00,57.3,41,12.5,0.0,1016.3,0
Houston,29.76,-95.37,2025-10-13T00:00,74.3,65,11.9,0.0,1010.2,15
Houston,29.76,-95.37,2025-10-13T01:00,72.7,68,8.4,0.0,1010.4,32
Houston,29.76,-95.37,2025-10-13T02:00,72.1,68,8.7,0.0,1011.0,0
Houston,29.76,-95.37,2025-10-13T03:00,71.0,74,6.1,0.0,1011.3,0
Houston,29.76,-95.37,2025-10-13T04:00,70.0,76,7.2,0.0,1011.5,0
Houston,29.76,-95.37,2025-10-13T05:00,69.6,76,7.6,0.0,1011.5,0
Houston,29.76,-95.37,2025-10-13T06:00,68.9,78,8.4,0.0,1011.3,0
Houston,29.76,-95.37,2025-10-13T07:00,67.6,80,4.8,0.0,1011.4,0
Houston,29.76,-95.37,2025-10-13T08:00,67.0,81,5.1,0.0,1011.4,2
Houston,29.76,-95.37,2025-10-13T09:00,66.6,83,1.5,0.0,1011.7,2
Houston,29.76,-95.37,2025-10-13T10:00,66.0,83,1.9,0.0,1011.7,0
Houston,29.76,-95.37,2025-10-13T11:00,66.3,82,2.3,0.0,1012.4,4
Houston,29.76,-95.37,2025-10-13T12:00,66.5,82,2.2,0.0,1013.2,33
Houston,29.76,-95.37,2025-10-13T13:00,67.2,89,3.7,0.0,1013.9,35
Houston,29.76,-95.37,2025-10-13T14:00,70.2,91,5.2,0.0,1014.7,12
Houston,29.76,-95.37,2025-10-13T15:00,75.6,82,4.4,0.0,1015.3,3
Houston,29.76,-95.37,2025-10-13T16:00,78.7,69,6.0,0.0,1015.6,9
Houston,29.76,-95.37,2025-10-13T17:00,81.0,58,9.4,0.0,1015.6,3
Houston,29.76,-95.37,2025-10-13T18:00,81.5,56,4.7,0.0,1015.0,12
Houston,29.76,-95.37,2025-10-13T19:00,82.0,51,11.3,0.0,1014.3,4
Houston,29.76,-95.37,2025-10-13T20:00,81.9,46,12.5,0.0,1013.8,0
Houston,29.76,-95.37,2025-10-13T21:00,81.6,56,11.0,0.0,1013.7,0
Houston,29.76,-95.37,2025-10-13T22:00,80.6,61,7.8,0.0,1014.0,2
Houston,29.76,-95.37,2025-10-13T23:00,78.4,59,10.1,0.0,1014.2,0
Houston,29.76,-95.37,2025-10-14T00:00,75.2,56,12.1,0.0,1014.7,44
Houston,29.76,-95.37,2025-10-14T01:00,73.3,59,8.0,0.0,1015.1,0
Houston,29.76,-95.37,2025-10-14T02:00,71.1,66,6.8,0.0,1015.8,1
Houston,29.76,-95.37,2025-10-14T03:00,69.7,75,6.8,0.0,1016.0,0
Houston,29.76,-95.37,2025-10-14T04:00,69.4,73,4.2,0.0,1016.4,0
Houston,29.76,-95.37,2025-10-14T05:00,68.7,74,5.6,0.0,1016.6,0
Houston,29.76,-95.37,2025-10-14T06:00,67.4,76,4.0,0.0,1016.4,0
Houston,29.76,-95.37,2025-10-14T07:00,67.1,78,3.8,0.0,1016.5,0
Houston,29.76,-95.37,2025-10-14T08:00,66.0,83,5.8,0.0,1016.5,7
Houston,29.76,-95.37,2025-10-14T09:00,65.3,88,3.3,0.0,1016.6,1
Houston,29.76,-95.37,2025-10-14T10:00,64.9,90,3.2,0.0,1017.0,2
Houston,29.76,-95.37,2025-10-14T11:00,64.9,90,2.2,0.0,1017.4,6
Houston,29.76,-95.37,2025-10-14T12:00,64.9,91,3.5,0.0,1018.0,2
Houston,29.76,-95.37,2025-10-14T13:00,65.4,94,1.8,0.0,1018.4,3
Houston,29.76,-95.37,2025-10-14T14:00,69.5,92,4.8,0.0,1019.2,3
Houston,29.76,-95.37,2025-10-14T15:00,73.6,86,5.0,0.0,1019.5,3
Houston,29.76,-95.37,2025-10-14T16:00,77.7,75,5.7,0.0,1019.6,0
Houston,29.76,-95.37,2025-10-14T17:00,79.8,69,5.5,0.0,1019.1,0
Houston,29.76,-95.37,2025-10-14T18:00,81.5,62,4.3,0.0,1018.3,0
Houston,29.76,-95.37,2025-10-14T19:00,82.1,56,2.4,0.0,1017.3,0
Houston,29.76,-95.37,2025-10-14T20:00,83.4,46,3.1,0.0,1016.5,0
Houston,29.76,-95.37,2025-10-14T21:00,83.5,55,3.4,0.0,1015.9,0
Houston,29.76,-95.37,2025-10-14T22:00,82.2,63,4.2,0.0,1015.9,0
Houston,29.76,-95.37,2025-10-14T23:00,82.0,62,3.6,0.0,1015.9,0
Houston,29.76,-95.37,2025-10-15T00:00,80.6,56,4.4,0.0,1016.2,0
Houston,29.76,-95.37,2025-10-15T01:00,78.6,51,2.1,0.0,1016.7,0
Houston,29.76,-95.37,2025-10-15T02:00,76.7,56,1.1,0.0,1017.2,0
Houston,29.76,-95.37,2025-10-15T03:00,74.1,65,4.0,0.0,1017.8,0
Houston,29.76,-95.37,2025-10-15T04:00,72.1,78,3.8,0.0,1018.0,0
Houston,29.76,-95.37,2025-10-15T05:00,71.3,86,7.4,0.0,1017.8,3
Houston,29.76,-95.37,2025-10-15T06:00,70.1,84,6.2,0.0,1017.3,0
Houston,29.76,-95.37,2025-10-15T07:00,68.9,91,5.2,0.0,1017.1,1
Houston,29.76,-95.37,2025-10-15T08:00,68.5,81,7.0,0.0,1016.6,0
Houston,29.76,-95.37,2025-10-15T09:00,67.7,85,4.7,0.0,1016.3,0
Houston,29.76,-95.37,2025-10-15T10:00,67.9,83,3.6,0.0,1016.2,0
Houston,29.76,-95.37,2025-10-15T11:00,67.2,84,2.6,0.0,1016.3,2
Houston,29.76,-95.37,2025-10-15T12:00,66.6,82,3.3,0.0,1016.4,0
Houston,29.76,-95.37,2025-10-15T13:00,66.6,84,4.0,0.0,1016.6,1
Houston,29.76,-95.37,2025-10-15T14:00,69.2,83,6.3,0.0,1017.0,0
Houston,29.76,-95.37,2025-10-15T15:00,72.6,74,5.9,0.0,1017.2,0
Houston,29.76,-95.37,2025-10-15T16:00,76.6,67,5.6,0.0,1016.9,0
Houston,29.76,-95.37,2025-10-15T17:00,78.1,62,5.5,0.0,1016.5,9
Houston,29.76,-95.37,2025-10-15T18:00,80.1,52,8.4,0.0,1015.6,0
Houston,29.76,-95.37,2025-10-15T19:00,81.2,52,9.6,0.0,1014.8,0
Houston,29.76,-95.37,2025-10-15T20:00,82.2,50,9.4,0.0,1014.0,0
Houston,29.76,-95.37,2025-10-15T21:00,82.0,50,6.2,0.0,1013.5,0
Houston,29.76,-95.37,2025-10-15T22:00,81.5,54,8.1,0.0,1013.2,0
Houston,29.76,-95.37,2025-10-15T23:00,79.0,56,9.2,0.0,1013.3,0
Houston,29.76,-95.37,2025-10-16T00:00,76.7,52,15.4,0.0,1013.6,0
Houston,29.76,-95.37,2025-10-16T01:00,72.2,66,9.7,0.0,1013.7,0
Houston,29.76,-95.37,2025-10-16T02:00,72.3,53,7.4,0.0,1014.1,7
Houston,29.76,-95.37,2025-10-16T03:00,70.2,68,8.3,0.0,1014.4,60
Houston,29.76,-95.37,2025-10-16T04:00,69.9,68,5.3,0.0,1014.3,99
Houston,29.76,-95.37,2025-10-16T05:00,69.0,67,5.2,0.0,1014.1,69
Houston,29.76,-95.37,2025-10-16T06:00,67.7,72,4.3,0.0,1013.8,8
Houston,29.76,-95.37,2025-10-16T07:00,66.8,79,5.1,0.0,1013.5,17
Houston,29.76,-95.37,2025-10-16T08:00,67.0,82,4.6,0.0,1013.2,17
Houston,29.76,-95.37,2025-10-16T09:00,66.6,87,3.3,0.0,1013.0,36
Houston,29.76,-95.37,2025-10-16T10:00,66.8,89,1.8,0.0,1012.9,72
Houston,29.76,-95.37,2025-10-16T11:00,67.3,87,3.0,0.0,1013.1,25
Houston,29.76,-95.37,2025-10-16T12:00,68.6,87,2.8,0.0,1013.1,28
Houston,29.76,-95.37,2025-10-16T13:00,68.1,90,2.0,0.0,1013.4,99
Houston,29.76,-95.37,2025-10-16T14:00,70.2,92,6.6,0.0,1013.7,50
Houston,29.76,-95.37,2025-10-16T15:00,73.8,84,10.1,0.0,1014.0,82
Houston,29.76,-95.37,2025-10-16T16:00,77.4,79,8.3,0.0,1013.9,71
Houston,29.76,-95.37,2025-10-16T17:00,79.1,75,7.4,0.0,1013.5,73
Houston,29.76,-95.37,2025-10-16T18:00,81.0,71,9.3,0.0,1012.7,99
Houston,29.76,-95.37,2025-10-16T19:00,81.8,60,12.1,0.0,1011.8,99
Houston,29.76,-95.37,2025-10-16T20:00,79.9,69,11.8,0.0,1011.2,99
Houston,29.76,-95.37,2025-10-16T21:00,80.8,75,11.5,0.0,1010.9,100
Houston,29.76,-95.37,2025-10-16T22:00,78.6,79,13.3,0.0,1010.9,99
Houston,29.76,-95.37,2025-10-16T23:00,77.4,82,11.7,0.0,1010.9,99
Houston,29.76,-95.37,2025-10-17T00:00,76.9,85,14.1,0.2,1011.0,99
Houston,29.76,-95.37,2025-10-17T01:00,76.2,85,7.7,0.0,1011.4,100
Houston,29.76,-95.37,2025-10-17T02:00,76.2,78,6.4,0.0,1011.6,22
Houston,29.76,-95.37,2025-10-17T03:00,74.7,82,6.8,0.0,1011.8,70
Houston,29.76,-95.37,2025-10-17T04:00,73.8,83,5.2,0.0,1011.6,7
Houston,29.76,-95.37,2025-10-17T05:00,73.2,89,6.4,0.0,1011.6,6
Houston,29.76,-95.37,2025-10-17T06:00,73.7,87,7.6,0.0,1011.2,57
Houston,29.76,-95.37,2025-10-17T07:00,73.5,84,5.6,0.0,1011.0,8
Houston,29.76,-95.37,2025-10-17T08:00,73.5,84,5.6,0.0,1010.9,0
Houston,29.76,-95.37,2025-10-17T09:00,72.7,92,6.6,0.0,1011.0,1
Houston,29.76,-95.37,2025-10-17T10:00,73.5,91,2.0,0.0,1011.0,1
Houston,29.76,-95.37,2025-10-17T11:00,73.4,92,3.9,0.0,1011.3,4
Houston,29.76,-95.37,2025-10-17T12:00,73.9,90,3.4,0.0,1011.8,7
Houston,29.76,-95.37,2025-10-17T13:00,75.1,91,4.7,0.0,1012.0,100
Houston,29.76,-95.37,2025-10-17T14:00,76.8,97,2.2,0.0,1012.5,48
Houston,29.76,-95.37,2025-10-17T15:00,79.0,93,2.2,0.0,1012.9,98
Houston,29.76,-95.37,2025-10-17T16:00,81.3,84,5.6,0.0,1013.1,100
Houston,29.76,-95.37,2025-10-17T17:00,83.4,71,9.3,0.0,1012.8,100
Houston,29.76,-95.37,2025-10-17T18:00,82.8,66,13.3,0.0,1012.1,100
Houston,29.76,-95.37,2025-10-17T19:00,85.6,59,15.6,0.0,1011.1,69
Houston,29.76,-95.37,2025-10-17T20:00,84.7,53,10.3,0.0,1010.2,48
Houston,29.76,-95.37,2025-10-17T21:00,83.5,65,14.6,0.0,1010.1,100
Houston,29.76,-95.37,2025-10-17T22:00,82.4,66,13.2,0.0,1009.7,31
Houston,29.76,-95.37,2025-10-17T23:00,79.0,71,13.6,0.0,1009.9,47
Houston,29.76,-95.37,2025-10-18T00:00,77.1,78,13.8,0.0,1009.9,60
Houston,29.76,-95.37,2025-10-18T01:00,76.9,80,12.2,0.0,1010.3,98
Houston,29.76,-95.37,2025-10-18T02:00,77.8,82,11.2,0.0,1010.6,72
Houston,29.76,-95.37,2025-10-18T03:00,77.2,88,8.9,0.0,1010.9,26
Houston,29.76,-95.37,2025-10-18T04:00,77.9,86,5.7,0.0,1010.9,32
Houston,29.76,-95.37,2025-10-18T05:00,76.9,87,4.7,0.0,1010.7,3
Houston,29.76,-95.37,2025-10-18T06:00,75.9,87,3.8,0.0,1010.4,5
Houston,29.76,-95.37,2025-10-18T07:00,75.9,89,5.4,0.0,1010.4,2
Houston,29.76,-95.37,2025-10-18T08:00,75.9,91,3.3,0.0,1010.2,0
Houston,29.76,-95.37,2025-10-18T09:00,76.2,92,4.2,0.0,1009.9,2
Houston,29.76,-95.37,2025-10-18T10:00,76.6,91,3.5,0.0,1009.7,4
Houston,29.76,-95.37,2025-10-18T11:00,77.1,89,5.4,0.0,1009.8,18
Houston,29.76,-95.37,2025-10-18T12:00,76.4,91,2.1,0.0,1009.9,77
Houston,29.76,-95.37,2025-10-18T13:00,76.7,93,3.6,0.0,1010.0,24
Houston,29.76,-95.37,2025-10-18T14:00,78.4,91,8.5,0.0,1010.4,100
Houston,29.76,-95.37,2025-10-18T15:00,80.7,91,11.6,0.0,1010.7,100
Houston,29.76,-95.37,2025-10-18T16:00,82.5,89,11.4,0.0,1010.8,100
Houston,29.76,-95.37,2025-10-18T17:00,84.8,76,12.4,0.0,1010.4,100
Houston,29.76,-95.37,2025-10-18T18:00,85.9,64,13.1,0.0,1009.7,5
Houston,29.76,-95.37,2025-10-18T19:00,87.7,55,14.0,0.0,1008.8,99
Houston,29.76,-95.37,2025-10-18T20:00,88.0,56,15.1,0.0,1008.3,6
Houston,29.76,-95.37,2025-10-18T21:00,86.5,57,14.2,0.0,1008.0,100
Houston,29.76,-95.37,2025-10-18T22:00,83.8,51,14.8,0.0,1007.9,0
Houston,29.76,-95.37,2025-10-18T23:00,80.7,62,16.2,0.0,1007.7,0
Houston,29.76,-95.37,2025-10-19T00:00,78.1,70,13.6,0.0,1008.0,2
Houston,29.76,-95.37,2025-10-19T01:00,77.2,81,12.3,0.0,1009.1,0
Houston,29.76,-95.37,2025-10-19T02:00,76.9,79,9.3,0.0,1010.0,0
Houston,29.76,-95.37,2025-10-19T03:00,75.8,85,10.9,0.0,1010.4,0
Houston,29.76,-95.37,2025-10-19T04:00,75.7,85,11.9,0.0,1010.5,0
Houston,29.76,-95.37,2025-10-19T05:00,75.3,86,9.3,0.0,1010.9,0
Houston,29.76,-95.37,2025-10-19T06:00,75.6,86,4.6,0.0,1011.5,1
Houston,29.76,-95.37,2025-10-19T07:00,76.0,88,7.8,0.0,1012.5,1
Houston,29.76,-95.37,2025-10-19T08:00,75.8,89,1.5,0.0,1012.6,99
Houston,29.76,-95.37,2025-10-19T09:00,75.9,93,4.7,0.0,1012.3,83
Houston,29.76,-95.37,2025-10-19T10:00,75.6,90,1.4,0.0,1012.9,7
Houston,29.76,-95.37,2025-10-19T11:00,74.5,90,0.5,0.0,1013.5,15
Houston,29.76,-95.37,2025-10-19T12:00,73.7,91,1.3,0.0,1014.5,17
Houston,29.76,-95.37,2025-10-19T13:00,74.0,93,6.1,0.0,1015.5,100
Houston,29.76,-95.37,2025-10-19T14:00,74.4,93,16.2,0.0,1016.5,66
Houston,29.76,-95.37,2025-10-19T15:00,75.5,83,20.9,0.0,1017.6,0
Houston,29.76,-95.37,2025-10-19T16:00,78.3,84,15.9,0.0,1018.1,0
Houston,29.76,-95.37,2025-10-19T17:00,80.0,78,18.3,0.0,1018.1,0
Houston,29.76,-95.37,2025-10-19T18:00,81.6,60,17.7,0.0,1018.0,0
Houston,29.76,-95.37,2025-10-19T19:00,83.0,45,16.7,0.0,1017.4,0
Houston,29.76,-95.37,2025-10-19T20:00,82.3,46,13.8,0.0,1016.9,0
Houston,29.76,-95.37,2025-10-19T21:00,82.6,44,11.8,0.0,1016.9,0
Houston,29.76,-95.37,2025-10-19T22:00,82.0,38,8.4,0.0,1017.0,0
Houston,29.76,-95.37,2025-10-19T23:00,79.4,44,9.4,0.0,1017.1,0
Dallas,32.78,-96.8,2025-10-13T00:00,84.9,34,7.1,0.0,1008.0,14
Dallas,32.78,-96.8,2025-10-13T01:00,83.2,36,4.3,0.0,1008.5,6
Dallas,32.78,-96.8,2025-10-13T02:00,81.3,38,6.5,0.0,1008.8,2
Dallas,32.78,-96.8,2025-10-13T03:00,79.2,43,11.5,0.0,1009.1,5
Dallas,32.78,-96.8,2025-10-13T04:00,79.2,43,10.2,0.0,1009.3,42
Dallas,32.78,-96.8,2025-10-13T05:00,78.6,46,12.2,0.0,1009.5,76
Dallas,32.78,-96.8,2025-10-13T06:00,75.8,49,10.8,0.0,1009.6,0
Dallas,32.78,-96.8,2025-10-13T07:00,75.3,49,8.9,0.0,1009.8,0
Dallas,32.78,-96.8,2025-10-13T08:00,73.0,54,8.0,0.0,1010.1,0
Dallas,32.78,-96.8,2025-10-13T09:00,72.3,55,6.2,0.0,1010.5,0
Dallas,32.78,-96.8,2025-10-13T10:00,69.8,62,3.1,0.0,1011.0,0
Dallas,32.78,-96.8,2025-10-13T11:00,69.7,64,2.8,0.0,1011.8,0
Dallas,32.78,-96.8,2025-10-13T12:00,69.3,67,3.6,0.0,1012.7,0
Dallas,32.78,-96.8,2025-10-13T13:00,68.9,63,7.8,0.0,1013.2,3
Dallas,32.78,-96.8,2025-10-13T14:00,70.8,64,5.8,0.0,1014.2,0
Dallas,32.78,-96.8,2025-10-13T15:00,76.5,58,7.0,0.0,1014.7,0
Dallas,32.78,-96.8,2025-10-13T16:00,82.1,48,9.1,0.0,1015.2,0
Dallas,32.78,-96.8,2025-10-13T17:00,86.1,42,12.2,0.0,1015.1,1
Dallas,32.78,-96.8,2025-10-13T18:00,88.7,35,14.8,0.0,1015.0,0
Dallas,32.78,-96.8,2025-10-13T19:00,88.9,36,11.3,0.0,1014.4,9
Dallas,32.78,-96.8,2025-10-13T20:00,90.3,32,10.2,0.0,1013.6,8
Dallas,32.78,-96.8,2025-10-13T21:00,89.3,37,10.7,0.0,1013.4,1
Dallas,32.78,-96.8,2025-10-13T22:00,89.3,35,8.0,0.0,1013.4,2
Dallas,32.78,-96.8,2025-10-13T23:00,87.0,34,9.3,0.0,1013.5,0
Dallas,32.78,-96.8,2025-10-14T00:00,83.2,38,9.7,0.0,1013.9,0
Dallas,32.78,-96.8,2025-10-14T01:00,81.9,41,8.9,0.0,1014.4,7
Dallas,32.78,-96.8,2025-10-14T02:00,80.3,44,7.1,0.0,1015.2,0
Dallas,32.78,-96.8,2025-10-14T03:00,78.5,46,6.0,0.0,1015.7,0
Dallas,32.78,-96.8,2025-10-14T04:00,75.9,52,6.0,0.0,1016.6,22
Dallas,32.78,-96.8,2025-10-14T05:00,76.6,48,6.1,0.0,1016.6,0
Dallas,32.78,-96.8,2025-10-14T06:00,73.9,51,5.1,0.0,1016.9,0
Dallas,32.78,-96.8,2025-10-14T07:00,71.6,58,3.2,0.0,1017.0,0
Dallas,32.78,-96.8,2025-10-14T08:00,70.5,63,4.3,0.0,1017.0,0
Dallas,32.78,-96.8,2025-10-14T09:00,68.4,74,4.1,0.0,1017.0,0
Dallas,32.78,-96.8,2025-10-14T10:00,69.9,71,6.4,0.0,1017.4,0
Dallas,32.78,-96.8,2025-10-14T11:00,69.3,70,5.0,0.0,1018.1,0
Dallas,32.78,-96.8,2025-10-14T12:00,68.0,74,1.6,0.0,1018.9,1
Dallas,32.78,-96.8,2025-10-14T13:00,68.1,75,3.1,0.0,1019.5,4
Dallas,32.78,-96.8,2025-10-14T14:00,73.0,63,7.3,0.0,1020.4,9
Dallas,32.78,-96.8,2025-10-14T15:00,77.8,59,3.3,0.0,1020.9,11
Dallas,32.78,-96.8,2025-10-14T16:00,82.8,53,3.3,0.0,1020.8,8
Dallas,32.78,-96.8,2025-10-14T17:00,84.7,43,5.5,0.0,1020.4,1
Dallas,32.78,-96.8,2025-10-14T18:00,84.9,46,8.8,0.0,1019.5,2
Dallas,32.78,-96.8,2025-10-14T19:00,87.1,42,8.0,0.0,1018.5,5
Dallas,32.78,-96.8,2025-10-14T20:00,88.6,35,10.5,0.0,1017.7,1
Dallas,32.78,-96.8,2025-10-14T21:00,88.2,33,8.7,0.0,1017.5,0
Dallas,32.78,-96.8,2025-10-14T22:00,88.2,31,9.7,0.0,1017.3,1
Dallas,32.78,-96.8,2025-10-14T23:00,87.2,29,7.7,0.0,1017.4,0
Dallas,32.78,-96.8,2025-10-15T00:00,82.8,31,5.8,0.0,1017.6,0
Dallas,32.78,-96.8,2025-10-15T01:00,79.2,38,6.2,0.0,1018.0,0
Dallas,32.78,-96.8,2025-10-15T02:00,78.7,36,2.2,0.0,1018.6,0
Dallas,32.78,-96.8,2025-10-15T03:00,75.1,46,4.4,0.0,1019.0,0
Dallas,32.78,-96.8,2025-10-15T04:00,72.8,53,2.3,0.0,1019.0,0
Dallas,32.78,-96.8,2025-10-15T05:00,71.9,50,2.6,0.0,1018.9,0
Dallas,32.78,-96.8,2025-10-15T06:00,70.6,52,6.5,0.0,1018.5,0
Dallas,32.78,-96.8,2025-10-15T07:00,69.5,57,5.4,0.0,1018.5,0
Dallas,32.78,-96.8,2025-10-15T08:00,68.8,62,4.5,0.0,1018.4,0
Dallas,32.78,-96.8,2025-10-15T09:00,68.5,64,5.8,0.0,1018.1,0
Dallas,32.78,-96.8,2025-10-15T10:00,68.3,63,5.5,0.0,1018.0,0
Dallas,32.78,-96.8,2025-10-15T11:00,67.5,65,5.0,0.0,1018.3,0
Dallas,32.78,-96.8,2025-10-15T12:00,67.8,65,4.6,0.0,1018.6,0
Dallas,32.78,-96.8,2025-10-15T13:00,67.3,67,4.6,0.0,1018.7,0
Dallas,32.78,-96.8,2025-10-15T14:00,71.4,64,7.6,0.0,1019.0,0
Dallas,32.78,-96.8,2025-10-15T15:00,76.0,47,10.8,0.0,1019.1,2
Dallas,32.78,-96.8,2025-10-15T16:00,78.6,51,10.0,0.0,1018.7,6
Dallas,32.78,-96.8,2025-10-15T17:00,81.2,43,9.0,0.0,1018.0,1
Dallas,32.78,-96.8,2025-10-15T18:00,83.9,40,7.7,0.0,1017.3,2
Dallas,32.78,-96.8,2025-10-15T19:00,85.2,38,9.3,0.0,1016.3,0
Dallas,32.78,-96.8,2025-10-15T20:00,86.5,35,8.3,0.0,1015.2,0
Dallas,32.78,-96.8,2025-10-15T21:00,87.3,30,10.4,0.0,1014.6,0
Dallas,32.78,-96.8,2025-10-15T22:00,87.3,27,10.1,0.0,1014.0,0
Dallas,32.78,-96.8,2025-10-15T23:00,86.5,28,6.8,0.0,1014.0,0
Dallas,32.78,-96.8,2025-10-16T00:00,82.1,32,6.5,0.0,1014.1,0
Dallas,32.78,-96.8,2025-10-16T01:00,80.2,32,4.8,0.0,1014.3,0
Dallas,32.78,-96.8,2025-10-16T02:00,76.7,34,4.0,0.0,1014.4,0
Dallas,32.78,-96.8,2025-10-16T03:00,74.7,39,5.0,0.0,1014.7,0
Dallas,32.78,-96.8,2025-10-16T04:00,72.8,42,5.0,0.0,1014.6,0
Dallas,32.78,-96.8,2025-10-16T05:00,71.0,48,4.6,0.0,1014.3,0
Dallas,32.78,-96.8,2025-10-16T06:00,70.1,50,3.4,0.0,1014.1,0
Dallas,32.78,-96.8,2025-10-16T07:00,68.2,56,5.8,0.0,1013.9,0
Dallas,32.78,-96.8,2025-10-16T08:00,67.6,58,6.4,0.0,1013.6,0
Dallas,32.78,-96.8,2025-10-16T09:00,65.9,61,5.6,0.0,1013.5,0
Dallas,32.78,-96.8,2025-10-16T10:00,65.7,61,6.4,0.0,1013.3,0
Dallas,32.78,-96.8,2025-10-16T11:00,64.4,65,5.5,0.0,1013.3,0
Dallas,32.78,-96.8,2025-10-16T12:00,64.8,65,7.0,0.0,1013.6,6
Dallas,32.78,-96.8,2025-10-16T13:00,64.2,71,2.9,0.0,1013.6,85
Dallas,32.78,-96.8,2025-10-16T14:00,68.1,64,5.2,0.0,1014.0,3
Dallas,32.78,-96.8,2025-10-16T15:00,72.3,58,6.4,0.0,1014.3,21
Dallas,32.78,-96.8,2025-10-16T16:00,76.5,57,6.4,0.0,1014.3,11
Dallas,32.78,-96.8,2025-10-16T17:00,80.7,50,8.9,0.0,1013.6,99
Dallas,32.78,-96.8,2025-10-16T18:00,82.9,42,10.8,0.0,1013.0,99
Dallas,32.78,-96.8,2025-10-16T19:00,84.8,40,11.1,0.0,1012.0,99
Dallas,32.78,-96.8,2025-10-16T20:00,85.1,39,13.5,0.0,1011.3,8
Dallas,32.78,-96.8,2025-10-16T21:00,85.8,37,14.5,0.0,1010.7,30
Dallas,32.78,-96.8,2025-10-16T22:00,83.9,40,14.2,0.0,1010.4,73
Dallas,32.78,-96.8,2025-10-16T23:00,83.1,38,11.1,0.0,1010.5,99
Dallas,32.78,-96.8,2025-10-17T00:00,81.8,39,4.7,0.0,1010.3,99
Dallas,32.78,-96.8,2025-10-17T01:00,80.0,43,3.7,0.0,1010.8,99
Dallas,32.78,-96.8,2025-10-17T02:00,79.2,45,1.5,0.0,1010.9,99
Dallas,32.78,-96.8,2025-10-17T03:00,76.0,53,2.2,0.0,1010.8,99
Dallas,32.78,-96.8,2025-10-17T04:00,75.9,51,2.6,0.0,1010.6,33
Dallas,32.78,-96.8,2025-10-17T05:00,74.7,53,5.5,0.0,1010.3,96
Dallas,32.78,-96.8,2025-10-17T06:00,72.8,59,5.2,0.0,1010.2,94
Dallas,32.78,-96.8,2025-10-17T07:00,71.2,64,6.4,0.0,1010.4,37
Dallas,32.78,-96.8,2025-10-17T08:00,71.6,65,5.6,0.0,1010.6,25
Dallas,32.78,-96.8,2025-10-17T09:00,70.8,70,8.4,0.0,1010.7,46
Dallas,32.78,-96.8,2025-10-17T10:00,70.8,70,6.0,0.0,1010.8,0
Dallas,32.78,-96.8,2025-10-17T11:00,69.2,75,5.7,0.0,1011.1,44
Dallas,32.78,-96.8,2025-10-17T12:00,69.5,76,2.9,0.0,1011.3,10
Dallas,32.78,-96.8,2025-10-17T13:00,68.7,82,6.2,0.0,1011.6,3
Dallas,32.78,-96.8,2025-10-17T14:00,71.5,81,6.9,0.0,1012.3,30
Dallas,32.78,-96.8,2025-10-17T15:00,76.0,71,10.7,0.0,1012.4,2
Dallas,32.78,-96.8,2025-10-17T16:00,79.2,65,14.1,0.0,1012.5,9
Dallas,32.78,-96.8,2025-10-17T17:00,82.8,56,15.5,0.0,1011.8,5
Dallas,32.78,-96.8,2025-10-17T18:00,85.2,51,14.1,0.0,1011.0,26
Dallas,32.78,-96.8,2025-10-17T19:00,87.0,47,15.5,0.0,1010.0,17
Dallas,32.78,-96.8,2025-10-17T20:00,88.3,46,14.9,0.0,1008.7,37
Dallas,32.78,-96.8,2025-10-17T21:00,88.9,44,15.2,0.0,1008.0,22
Dallas,32.78,-96.8,2025-10-17T22:00,88.9,40,16.6,0.0,1007.7,1
Dallas,32.78,-96.8,2025-10-17T23:00,87.9,41,11.5,0.0,1007.4,5
Dallas,32.78,-96.8,2025-10-18T00:00,84.9,42,7.6,0.0,1007.3,0
Dallas,32.78,-96.8,2025-10-18T01:00,83.3,44,5.1,0.0,1007.8,0
Dallas,32.78,-96.8,2025-10-18T02:00,80.5,51,6.6,0.0,1008.1,0
Dallas,32.78,-96.8,2025-10-18T03:00,79.2,55,8.7,0.0,1008.4,0
Dallas,32.78,-96.8,2025-10-18T04:00,79.0,55,9.8,0.0,1008.5,0
Dallas,32.78,-96.8,2025-10-18T05:00,77.4,62,12.3,0.0,1008.5,0
Dallas,32.78,-96.8,2025-10-18T06:00,77.8,59,12.3,0.0,1008.2,0
Dallas,32.78,-96.8,2025-10-18T07:00,76.1,67,12.4,0.0,1008.2,0
Dallas,32.78,-96.8,2025-10-18T08:00,76.0,66,15.0,0.0,1008.2,0
Dallas,32.78,-96.8,2025-10-18T09:00,74.7,69,10.7,0.0,1008.0,0
Dallas,32.78,-96.8,2025-10-18T10:00,73.4,79,9.7,0.0,1008.1,0
Dallas,32.78,-96.8,2025-10-18T11:00,73.3,81,11.0,0.0,1008.1,8
Dallas,32.78,-96.8,2025-10-18T12:00,73.0,85,10.7,0.0,1008.3,100
Dallas,32.78,-96.8,2025-10-18T13:00,75.2,82,13.2,0.0,1007.8,1
Dallas,32.78,-96.8,2025-10-18T14:00,75.2,82,15.5,0.0,1008.5,100
Dallas,32.78,-96.8,2025-10-18T15:00,78.1,82,15.5,0.0,1009.4,100
Dallas,32.78,-96.8,2025-10-18T16:00,82.8,65,11.2,0.0,1009.9,100
Dallas,32.78,-96.8,2025-10-18T17:00,83.4,68,13.2,0.0,1009.7,100
Dallas,32.78,-96.8,2025-10-18T18:00,73.3,89,27.9,0.1,1009.4,100
Dallas,32.78,-96.8,2025-10-18T19:00,71.0,88,4.2,1.3,1008.8,99
Dallas,32.78,-96.8,2025-10-18T20:00,70.7,93,5.4,0.0,1007.0,97
Dallas,32.78,-96.8,2025-10-18T21:00,72.1,88,5.1,0.3,1006.8,100
Dallas,32.78,-96.8,2025-10-18T22:00,75.8,78,4.3,0.1,1006.9,0
Dallas,32.78,-96.8,2025-10-18T23:00,76.0,75,8.9,0.0,1007.4,0
Dallas,32.78,-96.8,2025-10-19T00:00,74.7,72,1.1,0.0,1008.1,0
Dallas,32.78,-96.8,2025-10-19T01:00,72.1,81,3.3,0.0,1008.5,0
Dallas,32.78,-96.8,2025-10-19T02:00,70.6,80,3.6,0.0,1009.1,0
Dallas,32.78,-96.8,2025-10-19T03:00,70.2,78,3.6,0.0,1009.7,0
Dallas,32.78,-96.8,2025-10-19T04:00,67.8,89,3.1,0.0,1010.0,5
Dallas,32.78,-96.8,2025-10-19T05:00,67.5,88,7.2,0.0,1010.9,7
Dallas,32.78,-96.8,2025-10-19T06:00,68.2,78,6.9,0.0,1012.3,0
Dallas,32.78,-96.8,2025-10-19T07:00,68.4,58,17.2,0.0,1013.9,0
Dallas,32.78,-96.8,2025-10-19T08:00,66.0,62,19.1,0.0,1015.3,0
Dallas,32.78,-96.8,2025-10-19T09:00,63.9,66,10.0,0.0,1016.4,0
Dallas,32.78,-96.8,2025-10-19T10:00,62.6,64,13.7,0.0,1017.9,0
Dallas,32.78,-96.8,2025-10-19T11:00,61.8,67,4.8,0.0,1019.1,0
Dallas,32.78,-96.8,2025-10-19T12:00,60.2,64,10.9,0.0,1020.0,0
Dallas,32.78,-96.8,2025-10-19T13:00,58.0,64,8.8,0.0,1020.7,0
Dallas,32.78,-96.8,2025-10-19T14:00,60.6,53,13.0,0.0,1021.7,0
Dallas,32.78,-96.8,2025-10-19T15:00,63.6,42,15.1,0.0,1022.2,3
Dallas,32.78,-96.8,2025-10-19T16:00,66.1,37,15.1,0.0,1022.7,2
Dallas,32.78,-96.8,2025-10-19T17:00,68.7,34,10.4,0.0,1022.9,0
Dallas,32.78,-96.8,2025-10-19T18:00,71.0,29,7.0,0.0,1022.5,0
Dallas,32.78,-96.8,2025-10-19T19:00,73.7,26,3.9,0.0,1021.1,0
Dallas,32.78,-96.8,2025-10-19T20:00,75.0,27,3.6,0.0,1020.5,0
Dallas,32.78,-96.8,2025-10-19T21:00,75.9,25,2.5,0.0,1019.9,0
Dallas,32.78,-96.8,2025-10-19T22:00,75.6,24,3.4,0.0,1019.4,0
Dallas,32.78,-96.8,2025-10-19T23:00,73.8,25,4.7,0.0,1019.0,0
Austin,30.27,-97.74,2025-10-13T00:00,85.9,28,7.5,0.0,1008.2,0
Austin,30.27,-97.74,2025-10-13T01:00,83.2,33,8.3,0.0,1008.5,0
Austin,30.27,-97.74,2025-10-13T02:00,80.8,38,4.7,0.0,1009.1,0
Austin,30.27,-97.74,2025-10-13T03:00,79.2,48,13.4,0.0,1009.6,0
Austin,30.27,-97.74,2025-10-13T04:00,76.9,52,6.5,0.0,1010.0,0
Austin,30.27,-97.74,2025-10-13T05:00,76.1,56,7.7,0.0,1010.1,0
Austin,30.27,-97.74,2025-10-13T06:00,72.9,67,8.4,0.0,1010.3,0
Austin,30.27,-97.74,2025-10-13T07:00,72.0,67,7.2,0.0,1010.3,0
Austin,30.27,-97.74,2025-10-13T08:00,69.3,69,1.4,0.0,1010.6,2
Austin,30.27,-97.74,2025-10-13T09:00,68.2,75,0.8,0.0,1010.7,2
Austin,30.27,-97.74,2025-10-13T10:00,68.0,72,1.5,0.0,1011.1,49
Austin,30.27,-97.74,2025-10-13T11:00,66.5,72,3.1,0.0,1012.0,0
Austin,30.27,-97.74,2025-10-13T12:00,65.1,75,2.7,0.0,1012.4,0
Austin,30.27,-97.74,2025-10-13T13:00,64.9,80,0.8,0.0,1013.0,0
Austin,30.27,-97.74,2025-10-13T14:00,70.1,76,1.1,0.0,1013.6,2
Austin,30.27,-97.74,2025-10-13T15:00,76.4,69,7.8,0.0,1014.1,10
Austin,30.27,-97.74,2025-10-13T16:00,80.5,64,7.2,0.0,1014.7,3
Austin,30.27,-97.74,2025-10-13T17:00,84.0,53,9.2,0.0,1014.5,0
Austin,30.27,-97.74,2025-10-13T18:00,86.3,47,8.5,0.0,1013.9,3
Austin,30.27,-97.74,2025-10-13T19:00,87.9,42,7.8,0.0,1013.2,0
Austin,30.27,-97.74,2025-10-13T20:00,89.5,32,7.4,0.0,1012.4,1
Austin,30.27,-97.74,2025-10-13T21:00,91.6,27,12.0,0.0,1012.4,29
Austin,30.27,-97.74,2025-10-13T22:00,90.2,29,11.4,0.0,1012.3,0
Austin,30.27,-97.74,2025-10-13T23:00,88.8,32,12.4,0.0,1012.3,0
Austin,30.27,-97.74,2025-10-14T00:00,85.3,34,8.7,0.0,1012.9,0
Austin,30.27,-97.74,2025-10-14T01:00,83.1,36,7.4,0.0,1013.4,0
Austin,30.27,-97.74,2025-10-14T02:00,79.9,41,4.7,0.0,1014.0,0
Austin,30.27,-97.74,2025-10-14T03:00,78.2,41,1.6,0.0,1014.8,0
Austin,30.27,-97.74,2025-10-14T04:00,75.2,50,7.9,0.0,1015.4,0
Austin,30.27,-97.74,2025-10-14T05:00,75.7,56,2.6,0.0,1016.1,0
Austin,30.27,-97.74,2025-10-14T06:00,74.0,61,3.2,0.0,1016.3,0
Austin,30.27,-97.74,2025-10-14T07:00,72.0,67,4.1,0.0,1016.4,0
Austin,30.27,-97.74,2025-10-14T08:00,70.2,72,1.1,0.0,1016.3,0
Austin,30.27,-97.74,2025-10-14T09:00,68.6,77,3.0,0.0,1016.1,0
Austin,30.27,-97.74,2025-10-14T10:00,68.3,76,1.1,0.0,1016.5,0
Austin,30.27,-97.74,2025-10-14T11:00,66.2,80,1.0,0.0,1016.9,0
Austin,30.27,-97.74,2025-10-14T12:00,65.1,85,2.1,0.0,1017.6,4
Austin,30.27,-97.74,2025-10-14T13:00,64.9,86,1.9,0.0,1017.9,1
Austin,30.27,-97.74,2025-10-14T14:00,70.0,80,2.2,0.0,1018.7,0
Austin,30.27,-97.74,2025-10-14T15:00,75.5,72,4.3,0.0,1019.3,12
Austin,30.27,-97.74,2025-10-14T16:00,80.5,55,9.9,0.0,1019.5,2
Austin,30.27,-97.74,2025-10-14T17:00,83.5,48,11.6,0.0,1019.2,2
Austin,30.27,-97.74,2025-10-14T18:00,86.2,42,10.9,0.0,1018.3,7
Austin,30.27,-97.74,2025-10-14T19:00,87.7,40,9.1,0.0,1017.3,6
Austin,30.27,-97.74,2025-10-14T20:00,90.0,37,8.0,0.0,1016.4,7
Austin,30.27,-97.74,2025-10-14T21:00,90.3,36,10.0,0.0,1015.9,3
Austin,30.27,-97.74,2025-10-14T22:00,90.6,29,8.9,0.0,1015.7,1
Austin,30.27,-97.74,2025-10-14T23:00,90.0,29,6.8,0.0,1015.6,0
Austin,30.27,-97.74,2025-10-15T00:00,85.7,29,7.2,0.0,1016.0,0
Austin,30.27,-97.74,2025-10-15T01:00,82.5,35,8.2,0.0,1016.5,0
Austin,30.27,-97.74,2025-10-15T02:00,79.5,38,3.8,0.0,1017.1,0
Austin,30.27,-97.74,2025-10-15T03:00,75.8,43,1.3,0.0,1017.6,0
Austin,30.27,-97.74,2025-10-15T04:00,73.7,49,1.9,0.0,1017.8,0
Austin,30.27,-97.74,2025-10-15T05:00,72.9,50,4.3,0.0,1017.7,0
Austin,30.27,-97.74,2025-10-15T06:00,69.3,62,4.7,0.0,1017.4,0
Austin,30.27,-97.74,2025-10-15T07:00,67.9,66,5.6,0.0,1017.2,0
Austin,30.27,-97.74,2025-10-15T08:00,67.8,59,3.4,0.0,1017.2,0
Austin,30.27,-97.74,2025-10-15T09:00,66.1,62,1.1,0.0,1016.7,36
Austin,30.27,-97.74,2025-10-15T10:00,66.2,67,2.9,0.0,1016.6,3
Austin,30.27,-97.74,2025-10-15T11:00,65.6,70,2.6,0.0,1016.6,0
Austin,30.27,-97.74,2025-10-15T12:00,64.8,72,0.5,0.0,1016.6,0
Austin,30.27,-97.74,2025-10-15T13:00,64.8,74,1.6,0.0,1016.7,0
Austin,30.27,-97.74,2025-10-15T14:00,70.1,70,3.6,0.0,1017.3,0
Austin,30.27,-97.74,2025-10-15T15:00,77.5,53,3.7,0.0,1017.1,45
Austin,30.27,-97.74,2025-10-15T16:00,82.8,47,2.8,0.0,1016.9,8
Austin,30.27,-97.74,2025-10-15T17:00,85.9,43,3.7,0.0,1016.5,4
Austin,30.27,-97.74,2025-10-15T18:00,88.1,40,4.0,0.0,1015.6,4
Austin,30.27,-97.74,2025-10-15T19:00,90.9,38,4.2,0.0,1014.5,0
Austin,30.27,-97.74,2025-10-15T20:00,92.7,30,3.7,0.0,1013.2,1
Austin,30.27,-97.74,2025-10-15T21:00,92.4,28,13.0,0.0,1012.8,0
Austin,30.27,-97.74,2025-10-15T22:00,91.1,25,10.5,0.0,1012.3,0
Austin,30.27,-97.74,2025-10-15T23:00,90.4,26,9.0,0.0,1012.2,0
Austin,30.27,-97.74,2025-10-16T00:00,86.8,25,10.2,0.0,1012.3,0
Austin,30.27,-97.74,2025-10-16T01:00,82.8,27,4.5,0.0,1012.5,0
Austin,30.27,-97.74,2025-10-16T02:00,79.0,30,4.0,0.0,1012.9,0
Austin,30.27,-97.74,2025-10-16T03:00,78.1,31,2.3,0.0,1013.4,0
Austin,30.27,-97.74,2025-10-16T04:00,75.6,34,4.6,0.0,1013.6,0
Austin,30.27,-97.74,2025-10-16T05:00,74.4,38,4.6,0.0,1013.4,0
Austin,30.27,-97.74,2025-10-16T06:00,71.2,56,5.5,0.0,1013.3,0
Austin,30.27,-97.74,2025-10-16T07:00,72.9,56,2.8,0.0,1013.3,6
Austin,30.27,-97.74,2025-10-16T08:00,69.3,66,1.1,0.0,1012.7,2
Austin,30.27,-97.74,2025-10-16T09:00,68.6,70,3.5,0.0,1012.6,9
Austin,30.27,-97.74,2025-10-16T10:00,67.5,71,1.8,0.0,1012.4,9
Austin,30.27,-97.74,2025-10-16T11:00,66.5,72,3.3,0.0,1012.4,2
Austin,30.27,-97.74,2025-10-16T12:00,64.7,80,5.4,0.0,1012.5,15
Austin,30.27,-97.74,2025-10-16T13:00,65.7,78,2.3,0.0,1012.7,89
Austin,30.27,-97.74,2025-10-16T14:00,66.9,87,2.6,0.0,1013.0,99
Austin,30.27,-97.74,2025-10-16T15:00,71.1,82,7.2,0.0,1013.3,63
Austin,30.27,-97.74,2025-10-16T16:00,74.1,80,5.9,0.0,1013.3,99
Austin,30.27,-97.74,2025-10-16T17:00,77.4,71,9.8,0.0,1012.9,99
Austin,30.27,-97.74,2025-10-16T18:00,81.1,62,9.7,0.0,1012.0,42
Austin,30.27,-97.74,2025-10-16T19:00,83.2,57,10.7,0.0,1011.3,37
Austin,30.27,-97.74,2025-10-16T20:00,83.7,52,11.2,0.0,1010.4,36
Austin,30.27,-97.74,2025-10-16T21:00,86.2,39,9.7,0.0,1010.1,15
Austin,30.27,-97.74,2025-10-16T22:00,84.9,47,9.6,0.0,1009.8,90
Austin,30.27,-97.74,2025-10-16T23:00,83.8,49,12.1,0.0,1009.5,28
Austin,30.27,-97.74,2025-10-17T00:00,82.0,49,12.4,0.0,1009.2,46
Austin,30.27,-97.74,2025-10-17T01:00,80.4,54,6.6,0.0,1009.7,55
Austin,30.27,-97.74,2025-10-17T02:00,78.7,56,10.4,0.0,1010.2,87
Austin,30.27,-97.74,2025-10-17T03:00,76.5,59,10.8,0.0,1010.4,90
Austin,30.27,-97.74,2025-10-17T04:00,76.0,60,8.4,0.0,1010.5,25
Austin,30.27,-97.74,2025-10-17T05:00,74.5,64,8.7,0.0,1010.4,0
Austin,30.27,-97.74,2025-10-17T06:00,73.4,66,4.3,0.0,1010.5,0
Austin,30.27,-97.74,2025-10-17T07:00,73.0,69,2.7,0.0,1010.6,79
Austin,30.27,-97.74,2025-10-17T08:00,73.5,68,1.6,0.0,1010.6,65
Austin,30.27,-97.74,2025-10-17T09:00,71.7,70,4.3,0.0,1010.4,19
Austin,30.27,-97.74,2025-10-17T10:00,69.4,76,3.1,0.0,1010.6,0
Austin,30.27,-97.74,2025-10-17T11:00,67.8,80,3.3,0.0,1010.8,0
Austin,30.27,-97.74,2025-10-17T12:00,67.2,83,2.7,0.0,1011.0,0
Austin,30.27,-97.74,2025-10-17T13:00,68.0,82,1.5,0.0,1011.4,86
Austin,30.27,-97.74,2025-10-17T14:00,71.7,82,1.4,0.0,1012.0,85
Austin,30.27,-97.74,2025-10-17T15:00,74.5,82,6.3,0.0,1012.5,53
Austin,30.27,-97.74,2025-10-17T16:00,80.9,73,12.8,0.0,1012.4,47
Austin,30.27,-97.74,2025-10-17T17:00,84.6,60,13.3,0.0,1011.9,100
Austin,30.27,-97.74,2025-10-17T18:00,87.5,53,13.3,0.0,1011.1,38
Austin,30.27,-97.74,2025-10-17T19:00,88.8,51,14.9,0.0,1009.8,39
Austin,30.27,-97.74,2025-10-17T20:00,89.7,46,17.1,0.0,1008.7,28
Austin,30.27,-97.74,2025-10-17T21:00,90.4,42,14.2,0.0,1008.0,3
Austin,30.27,-97.74,2025-10-17T22:00,90.3,42,18.1,0.0,1007.5,30
Austin,30.27,-97.74,2025-10-17T23:00,87.2,45,18.0,0.0,1007.3,4
Austin,30.27,-97.74,2025-10-18T00:00,86.4,42,10.8,0.0,1007.5,4
Austin,30.27,-97.74,2025-10-18T01:00,83.5,46,12.6,0.0,1008.1,98
Austin,30.27,-97.74,2025-10-18T02:00,82.9,56,13.2,0.0,1008.9,4
Austin,30.27,-97.74,2025-10-18T03:00,81.9,62,14.6,0.0,1009.4,100
Austin,30.27,-97.74,2025-10-18T04:00,79.2,66,15.8,0.0,1009.7,0
Austin,30.27,-97.74,2025-10-18T05:00,78.5,72,11.0,0.0,1009.9,1
Austin,30.27,-97.74,2025-10-18T06:00,76.5,80,8.9,0.0,1009.5,7
Austin,30.27,-97.74,2025-10-18T07:00,77.6,74,7.2,0.0,1009.2,1
Austin,30.27,-97.74,2025-10-18T08:00,76.0,77,7.6,0.0,1009.2,100
Austin,30.27,-97.74,2025-10-18T09:00,76.2,83,6.5,0.0,1008.7,1
Austin,30.27,-97.74,2025-10-18T10:00,77.4,79,8.4,0.0,1008.6,100
Austin,30.27,-97.74,2025-10-18T11:00,77.5,82,6.1,0.0,1008.8,100
Austin,30.27,-97.74,2025-10-18T12:00,76.5,84,4.7,0.0,1009.0,69
Austin,30.27,-97.74,2025-10-18T13:00,76.6,85,9.4,0.0,1008.9,97
Austin,30.27,-97.74,2025-10-18T14:00,77.1,86,11.9,0.0,1009.4,26
Austin,30.27,-97.74,2025-10-18T15:00,79.9,78,15.3,0.0,1010.0,26
Austin,30.27,-97.74,2025-10-18T16:00,83.5,70,15.8,0.0,1009.9,32
Austin,30.27,-97.74,2025-10-18T17:00,86.5,62,14.7,0.0,1009.8,100
Austin,30.27,-97.74,2025-10-18T18:00,88.5,59,7.8,0.0,1009.6,43
Austin,30.27,-97.74,2025-10-18T19:00,91.1,48,9.4,0.0,1008.6,36
Austin,30.27,-97.74,2025-10-18T20:00,93.4,43,6.8,0.0,1007.3,2
Austin,30.27,-97.74,2025-10-18T21:00,94.0,42,12.1,0.0,1006.7,37
Austin,30.27,-97.74,2025-10-18T22:00,93.7,40,10.7,0.0,1006.7,50
Austin,30.27,-97.74,2025-10-18T23:00,90.3,44,14.0,0.0,1006.6,40
Austin,30.27,-97.74,2025-10-19T00:00,89.1,43,11.4,0.0,1007.0,36
Austin,30.27,-97.74,2025-10-19T01:00,89.5,41,6.2,0.0,1008.2,0
Austin,30.27,-97.74,2025-10-19T02:00,84.5,47,5.4,0.0,1009.2,81
Austin,30.27,-97.74,2025-10-19T03:00,85.6,45,6.2,0.0,1009.7,3
Austin,30.27,-97.74,2025-10-19T04:00,83.7,43,10.0,0.0,1011.1,0
Austin,30.27,-97.74,2025-10-19T05:00,80.5,37,10.0,0.0,1011.6,0
Austin,30.27,-97.74,2025-10-19T06:00,77.8,36,3.8,0.0,1011.9,0
Austin,30.27,-97.74,2025-10-19T07:00,73.7,37,4.2,0.0,1012.3,0
Austin,30.27,-97.74,2025-10-19T08:00,65.6,55,7.3,0.0,1013.2,0
Austin,30.27,-97.74,2025-10-19T09:00,72.0,33,12.7,0.0,1014.3,0
Austin,30.27,-97.74,2025-10-19T10:00,69.7,50,8.5,0.0,1015.4,0
Austin,30.27,-97.74,2025-10-19T11:00,71.1,55,7.3,0.0,1016.4,0
Austin,30.27,-97.74,2025-10-19T12:00,69.2,54,6.6,0.0,1017.4,2
Austin,30.27,-97.74,2025-10-19T13:00,68.4,56,4.7,0.0,1018.3,0
Austin,30.27,-97.74,2025-10-19T14:00,69.9,55,15.1,0.0,1019.7,2
Austin,30.27,-97.74,2025-10-19T15:00,72.7,47,20.3,0.0,1020.5,9
Austin,30.27,-97.74,2025-10-19T16:00,75.7,47,20.0,0.0,1020.9,3
Austin,30.27,-97.74,2025-10-19T17:00,79.1,36,15.0,0.0,1020.7,0
Austin,30.27,-97.74,2025-10-19T18:00,81.1,33,15.4,0.0,1020.2,0
Austin,30.27,-97.74,2025-10-19T19:00,83.1,27,15.3,0.0,1019.1,0
Austin,30.27,-97.74,2025-10-19T20:00,85.0,24,13.6,0.0,1018.5,0
Austin,30.27,-97.74,2025-10-19T21:00,86.5,20,12.5,0.0,1018.0,0
Austin,30.27,-97.74,2025-10-19T22:00,85.8,20,10.8,0.0,1017.8,0
Austin,30.27,-97.74,2025-10-19T23:00,84.3,21,9.4,0.0,1017.9,0
New Orleans,29.95,-90.07,2025-10-13T00:00,74.6,39,5.6,0.0,1010.7,0
New Orleans,29.95,-90.07,2025-10-13T01:00,70.2,51,1.8,0.0,1010.8,0
New Orleans,29.95,-90.07,2025-10-13T02:00,68.4,53,7.3,0.0,1011.3,0
New Orleans,29.95,-90.07,2025-10-13T03:00,66.8,61,7.0,0.0,1011.8,0
New Orleans,29.95,-90.07,2025-10-13T04:00,63.2,74,10.4,0.0,1012.2,0
New Orleans,29.95,-90.07,2025-10-13T05:00,63.8,71,10.0,0.0,1012.2,0
New Orleans,29.95,-90.07,2025-10-13T06:00,62.9,70,3.6,0.0,1012.3,0
New Orleans,29.95,-90.07,2025-10-13T07:00,62.0,76,3.3,0.0,1012.5,0
New Orleans,29.95,-90.07,2025-10-13T08:00,61.5,78,4.9,0.0,1012.5,6
New Orleans,29.95,-90.07,2025-10-13T09:00,60.5,76,6.5,0.0,1012.6,3
New Orleans,29.95,-90.07,2025-10-13T10:00,60.8,72,8.8,0.0,1012.8,9
New Orleans,29.95,-90.07,2025-10-13T11:00,58.7,83,1.0,0.0,1013.4,18
New Orleans,29.95,-90.07,2025-10-13T12:00,55.9,100,1.3,0.0,1014.0,100
New Orleans,29.95,-90.07,2025-10-13T13:00,58.6,100,2.1,0.0,1014.5,96
New Orleans,29.95,-90.07,2025-10-13T14:00,68.2,80,3.8,0.0,1015.2,0
New Orleans,29.95,-90.07,2025-10-13T15:00,74.1,74,0.5,0.0,1015.9,0
New Orleans,29.95,-90.07,2025-10-13T16:00,78.5,52,7.0,0.0,1016.2,0
New Orleans,29.95,-90.07,2025-10-13T17:00,80.6,41,13.4,0.0,1015.9,1
New Orleans,29.95,-90.07,2025-10-13T18:00,81.6,36,10.1,0.0,1015.4,0
New Orleans,29.95,-90.07,2025-10-13T19:00,81.8,40,7.9,0.0,1014.4,0
New Orleans,29.95,-90.07,2025-10-13T20:00,83.1,36,6.2,0.0,1014.0,0
New Orleans,29.95,-90.07,2025-10-13T21:00,83.9,33,6.5,0.0,1013.9,0
New Orleans,29.95,-90.07,2025-10-13T22:00,82.5,34,6.5,0.0,1013.7,0
New Orleans,29.95,-90.07,2025-10-13T23:00,79.9,38,1.4,0.0,1014.2,0
New Orleans,29.95,-90.07,2025-10-14T00:00,75.0,43,1.5,0.0,1014.8,0
New Orleans,29.95,-90.07,2025-10-14T01:00,70.4,49,7.5,0.0,1015.3,0
New Orleans,29.95,-90.07,2025-10-14T02:00,69.2,56,10.4,0.0,1016.0,0
New Orleans,29.95,-90.07,2025-10-14T03:00,66.9,59,3.6,0.0,1016.2,0
New Orleans,29.95,-90.07,2025-10-14T04:00,64.8,69,6.1,0.0,1016.3,0
New Orleans,29.95,-90.07,2025-10-14T05:00,64.6,74,9.0,0.0,1016.2,1
New Orleans,29.95,-90.07,2025-10-14T06:00,62.7,82,9.1,0.0,1016.2,2
New Orleans,29.95,-90.07,2025-10-14T07:00,62.6,82,8.9,0.0,1016.1,3
New Orleans,29.95,-90.07,2025-10-14T08:00,62.2,85,8.7,0.0,1016.1,5
New Orleans,29.95,-90.07,2025-10-14T09:00,61.7,83,4.3,0.0,1016.1,1
New Orleans,29.95,-90.07,2025-10-14T10:00,62.3,83,2.6,0.0,1016.3,2
New Orleans,29.95,-90.07,2025-10-14T11:00,62.1,81,6.4,0.0,1016.6,0
New Orleans,29.95,-90.07,2025-10-14T12:00,62.2,81,5.9,0.0,1016.8,1
New Orleans,29.95,-90.07,2025-10-14T13:00,65.0,80,6.9,0.0,1017.4,1
New Orleans,29.95,-90.07,2025-10-14T14:00,71.9,70,7.3,0.0,1018.1,0
New Orleans,29.95,-90.07,2025-10-14T15:00,76.0,58,8.9,0.0,1018.3,0
New Orleans,29.95,-90.07,2025-10-14T16:00,79.2,48,10.0,0.0,1018.1,0
New Orleans,29.95,-90.07,2025-10-14T17:00,81.6,43,11.3,0.0,1017.7,0
New Orleans,29.95,-90.07,2025-10-14T18:00,83.5,37,12.6,0.0,1017.0,0
New Orleans,29.95,-90.07,2025-10-14T19:00,83.9,35,10.8,0.0,1016.1,0
New Orleans,29.95,-90.07,2025-10-14T20:00,84.4,35,9.9,0.0,1015.5,0
New Orleans,29.95,-90.07,2025-10-14T21:00,84.4,30,9.1,0.0,1015.3,0
New Orleans,29.95,-90.07,2025-10-14T22:00,83.4,30,8.9,0.0,1015.2,0
New Orleans,29.95,-90.07,2025-10-14T23:00,80.2,36,5.5,0.0,1015.6,0
New Orleans,29.95,-90.07,2025-10-15T00:00,76.0,41,4.9,0.0,1016.0,0
New Orleans,29.95,-90.07,2025-10-15T01:00,74.3,50,2.6,0.0,1016.2,0
New Orleans,29.95,-90.07,2025-10-15T02:00,70.8,62,5.6,0.0,1016.8,0
New Orleans,29.95,-90.07,2025-10-15T03:00,70.9,56,1.8,0.0,1017.3,0
New Orleans,29.95,-90.07,2025-10-15T04:00,67.7,64,2.9,0.0,1017.2,0
New Orleans,29.95,-90.07,2025-10-15T05:00,67.7,64,2.9,0.0,1016.7,0
New Orleans,29.95,-90.07,2025-10-15T06:00,66.9,66,7.7,0.0,1016.2,0
New Orleans,29.95,-90.07,2025-10-15T07:00,65.2,78,4.7,0.0,1016.0,2
New Orleans,29.95,-90.07,2025-10-15T08:00,66.1,73,8.4,0.0,1015.5,0
New Orleans,29.95,-90.07,2025-10-15T09:00,65.7,72,4.8,0.0,1015.2,0
New Orleans,29.95,-90.07,2025-10-15T10:00,64.9,75,6.3,0.0,1015.3,0
New Orleans,29.95,-90.07,2025-10-15T11:00,64.3,75,6.9,0.0,1015.3,0
New Orleans,29.95,-90.07,2025-10-15T12:00,63.5,78,6.5,0.0,1015.7,0
New Orleans,29.95,-90.07,2025-10-15T13:00,66.1,80,6.9,0.0,1016.1,0
New Orleans,29.95,-90.07,2025-10-15T14:00,69.5,76,6.9,0.0,1016.5,2
New Orleans,29.95,-90.07,2025-10-15T15:00,75.6,65,7.8,0.0,1016.6,0
New Orleans,29.95,-90.07,2025-10-15T16:00,79.4,55,6.0,0.0,1016.5,0
New Orleans,29.95,-90.07,2025-10-15T17:00,82.1,62,6.6,0.0,1016.2,3
New Orleans,29.95,-90.07,2025-10-15T18:00,84.4,56,11.9,0.0,1015.7,33
New Orleans,29.95,-90.07,2025-10-15T19:00,84.8,50,10.2,0.0,1014.9,1
New Orleans,29.95,-90.07,2025-10-15T20:00,85.4,44,11.6,0.0,1014.2,29
New Orleans,29.95,-90.07,2025-10-15T21:00,84.3,44,10.5,0.0,1014.2,8
New Orleans,29.95,-90.07,2025-10-15T22:00,83.9,40,9.7,0.0,1014.2,0
New Orleans,29.95,-90.07,2025-10-15T23:00,78.9,51,7.2,0.0,1014.3,0
New Orleans,29.95,-90.07,2025-10-16T00:00,76.7,50,4.5,0.0,1014.4,0
New Orleans,29.95,-90.07,2025-10-16T01:00,72.5,70,5.0,0.0,1014.5,0
New Orleans,29.95,-90.07,2025-10-16T02:00,70.4,78,4.7,0.0,1014.9,0
New Orleans,29.95,-90.07,2025-10-16T03:00,69.0,81,5.8,0.0,1015.3,0
New Orleans,29.95,-90.07,2025-10-16T04:00,68.4,82,4.5,0.0,1015.3,0
New Orleans,29.95,-90.07,2025-10-16T05:00,66.9,86,3.2,0.0,1015.0,5
New Orleans,29.95,-90.07,2025-10-16T06:00,66.0,93,2.6,0.0,1014.6,58
New Orleans,29.95,-90.07,2025-10-16T07:00,66.4,93,1.6,0.0,1014.5,91
New Orleans,29.95,-90.07,2025-10-16T08:00,67.5,93,4.0,0.0,1014.1,50
New Orleans,29.95,-90.07,2025-10-16T09:00,65.4,99,1.5,0.0,1014.0,74
New Orleans,29.95,-90.07,2025-10-16T10:00,65.0,99,1.8,0.0,1014.0,100
New Orleans,29.95,-90.07,2025-10-16T11:00,65.0,99,1.5,0.0,1014.2,100
New Orleans,29.95,-90.07,2025-10-16T12:00,65.5,100,2.8,0.0,1014.7,100
New Orleans,29.95,-90.07,2025-10-16T13:00,67.8,100,0.7,0.0,1014.7,100
New Orleans,29.95,-90.07,2025-10-16T14:00,72.3,97,1.5,0.0,1015.2,94
New Orleans,29.95,-90.07,2025-10-16T15:00,76.8,82,2.2,0.0,1015.4,94
New Orleans,29.95,-90.07,2025-10-16T16:00,79.7,75,2.8,0.0,1015.2,0
New Orleans,29.95,-90.07,2025-10-16T17:00,82.6,59,4.3,0.0,1015.0,9
New Orleans,29.95,-90.07,2025-10-16T18:00,85.3,46,9.5,0.0,1014.3,2
New Orleans,29.95,-90.07,2025-10-16T19:00,85.6,41,10.0,0.0,1013.5,0
New Orleans,29.95,-90.07,2025-10-16T20:00,85.5,46,10.5,0.0,1012.7,0
New Orleans,29.95,-90.07,2025-10-16T21:00,84.8,52,10.4,0.0,1012.6,5
New Orleans,29.95,-90.07,2025-10-16T22:00,85.3,49,5.9,0.0,1012.4,0
New Orleans,29.95,-90.07,2025-10-16T23:00,83.0,46,6.0,0.0,1012.2,0
New Orleans,29.95,-90.07,2025-10-17T00:00,77.1,58,6.2,0.0,1012.4,0
New Orleans,29.95,-90.07,2025-10-17T01:00,74.0,62,5.6,0.0,1012.7,0
New Orleans,29.95,-90.07,2025-10-17T02:00,71.1,73,5.2,0.0,1013.0,0
New Orleans,29.95,-90.07,2025-10-17T03:00,69.6,75,6.4,0.0,1013.2,0
New Orleans,29.95,-90.07,2025-10-17T04:00,68.4,81,4.0,0.0,1012.9,0
New Orleans,29.95,-90.07,2025-10-17T05:00,67.6,82,6.8,0.0,1012.8,0
New Orleans,29.95,-90.07,2025-10-17T06:00,66.6,86,3.6,0.0,1012.8,2
New Orleans,29.95,-90.07,2025-10-17T07:00,66.0,86,5.8,0.0,1012.8,50
New Orleans,29.95,-90.07,2025-10-17T08:00,65.2,91,5.6,0.0,1012.8,33
New Orleans,29.95,-90.07,2025-10-17T09:00,65.0,94,3.1,0.0,1012.7,66
New Orleans,29.95,-90.07,2025-10-17T10:00,64.6,93,2.2,0.0,1013.0,100
New Orleans,29.95,-90.07,2025-10-17T11:00,65.4,91,4.5,0.0,1013.3,7
New Orleans,29.95,-90.07,2025-10-17T12:00,65.0,88,4.7,0.0,1014.0,5
New Orleans,29.95,-90.07,2025-10-17T13:00,66.1,99,0.8,0.0,1014.5,14
New Orleans,29.95,-90.07,2025-10-17T14:00,73.3,91,4.8,0.0,1015.3,2
New Orleans,29.95,-90.07,2025-10-17T15:00,77.6,75,4.6,0.0,1015.4,0
New Orleans,29.95,-90.07,2025-10-17T16:00,80.8,66,7.5,0.0,1015.3,8
New Orleans,29.95,-90.07,2025-10-17T17:00,83.1,61,14.0,0.0,1015.2,39
New Orleans,29.95,-90.07,2025-10-17T18:00,84.8,61,14.3,0.0,1014.4,37
New Orleans,29.95,-90.07,2025-10-17T19:00,85.3,53,13.8,0.0,1013.5,5
New Orleans,29.95,-90.07,2025-10-17T20:00,84.4,57,12.5,0.0,1012.8,24
New Orleans,29.95,-90.07,2025-10-17T21:00,83.9,54,13.6,0.0,1012.7,1
New Orleans,29.95,-90.07,2025-10-17T22:00,81.5,58,11.6,0.0,1012.5,0
New Orleans,29.95,-90.07,2025-10-17T23:00,78.0,63,10.2,0.0,1012.4,2
New Orleans,29.95,-90.07,2025-10-18T00:00,75.8,69,7.1,0.0,1012.7,0
New Orleans,29.95,-90.07,2025-10-18T01:00,74.6,78,4.3,0.0,1013.1,22
New Orleans,29.95,-90.07,2025-10-18T02:00,74.0,82,3.4,0.0,1013.4,9
New Orleans,29.95,-90.07,2025-10-18T03:00,73.6,84,4.4,0.0,1013.5,24
New Orleans,29.95,-90.07,2025-10-18T04:00,73.1,85,2.8,0.0,1013.4,100
New Orleans,29.95,-90.07,2025-10-18T05:00,72.8,88,4.1,0.0,1013.1,1
New Orleans,29.95,-90.07,2025-10-18T06:00,72.1,89,4.1,0.0,1013.0,1
New Orleans,29.95,-90.07,2025-10-18T07:00,71.9,90,5.4,0.0,1012.9,0
New Orleans,29.95,-90.07,2025-10-18T08:00,71.9,92,3.8,0.0,1012.5,1
New Orleans,29.95,-90.07,2025-10-18T09:00,72.1,92,2.6,0.0,1012.4,2
New Orleans,29.95,-90.07,2025-10-18T10:00,72.3,92,2.1,0.0,1012.8,100
New Orleans,29.95,-90.07,2025-10-18T11:00,72.7,93,3.5,0.0,1012.9,24
New Orleans,29.95,-90.07,2025-10-18T12:00,73.1,91,9.7,0.0,1013.3,100
New Orleans,29.95,-90.07,2025-10-18T13:00,75.2,91,8.4,0.0,1013.7,73
New Orleans,29.95,-90.07,2025-10-18T14:00,77.5,83,10.3,0.0,1014.0,45
New Orleans,29.95,-90.07,2025-10-18T15:00,79.8,83,14.3,0.0,1014.7,4
New Orleans,29.95,-90.07,2025-10-18T16:00,81.6,76,15.1,0.0,1014.9,11
New Orleans,29.95,-90.07,2025-10-18T17:00,83.9,64,16.1,0.0,1014.5,96
New Orleans,29.95,-90.07,2025-10-18T18:00,83.9,66,15.0,0.0,1013.7,75
New Orleans,29.95,-90.07,2025-10-18T19:00,82.9,68,17.7,0.0,1012.8,100
New Orleans,29.95,-90.07,2025-10-18T20:00,83.4,60,17.4,0.0,1012.4,50
New Orleans,29.95,-90.07,2025-10-18T21:00,83.8,64,17.9,0.0,1011.9,98
New Orleans,29.95,-90.07,2025-10-18T22:00,81.0,72,14.8,0.0,1011.5,56
New Orleans,29.95,-90.07,2025-10-18T23:00,79.9,69,15.8,0.0,1011.1,46
New Orleans,29.95,-90.07,2025-10-19T00:00,77.3,77,11.1,0.0,1011.3,1
New Orleans,29.95,-90.07,2025-10-19T01:00,76.3,82,12.0,0.0,1011.9,0
New Orleans,29.95,-90.07,2025-10-19T02:00,76.3,85,7.2,0.0,1012.6,7
New Orleans,29.95,-90.07,2025-10-19T03:00,76.3,87,9.2,0.0,1012.4,100
New Orleans,29.95,-90.07,2025-10-19T04:00,76.5,89,13.2,0.2,1012.2,99
New Orleans,29.95,-90.07,2025-10-19T05:00,76.4,90,11.3,0.0,1012.6,100
New Orleans,29.95,-90.07,2025-10-19T06:00,75.6,91,6.5,0.0,1012.8,100
New Orleans,29.95,-90.07,2025-10-19T07:00,75.5,93,7.6,0.0,1012.5,31
New Orleans,29.95,-90.07,2025-10-19T08:00,74.4,93,6.5,0.0,1011.9,4
New Orleans,29.95,-90.07,2025-10-19T09:00,74.8,95,3.3,0.0,1011.6,35
New Orleans,29.95,-90.07,2025-10-19T10:00,75.5,91,8.7,0.0,1012.9,11
New Orleans,29.95,-90.07,2025-10-19T11:00,74.9,91,7.5,0.0,1012.3,0
New Orleans,29.95,-90.07,2025-10-19T12:00,74.6,95,8.8,0.0,1012.5,8
New Orleans,29.95,-90.07,2025-10-19T13:00,75.4,95,9.2,0.0,1013.7,21
New Orleans,29.95,-90.07,2025-10-19T14:00,76.9,91,13.5,0.0,1014.8,71
New Orleans,29.95,-90.07,2025-10-19T15:00,78.1,79,16.4,0.0,1015.9,4
New Orleans,29.95,-90.07,2025-10-19T16:00,79.9,75,15.5,0.0,1016.1,24
New Orleans,29.95,-90.07,2025-10-19T17:00,82.9,62,16.9,0.0,1016.0,0
New Orleans,29.95,-90.07,2025-10-19T18:00,84.1,60,17.2,0.0,1015.5,0
New Orleans,29.95,-90.07,2025-10-19T19:00,84.7,51,14.3,0.0,1014.9,0
New Orleans,29.95,-90.07,2025-10-19T20:00,86.2,44,14.0,0.0,1014.8,0
New Orleans,29.95,-90.07,2025-10-19T21:00,83.9,46,19.5,0.0,1014.9,0
New Orleans,29.95,-90.07,2025-10-19T22:00,80.3,50,19.4,0.0,1015.2,0
New Orleans,29.95,-90.07,2025-10-19T23:00,76.6,51,16.4,0.0,1016.0,0
Los Angeles,34.05,-118.24,2025-10-13T00:00,72.7,57,13.1,0.0,1004.7,2
Los Angeles,34.05,-118.24,2025-10-13T01:00,70.6,52,9.5,0.0,1004.6,0
Los Angeles,34.05,-118.24,2025-10-13T02:00,67.7,52,6.4,0.0,1004.6,0
Los Angeles,34.05,-118.24,2025-10-13T03:00,63.7,69,4.1,0.0,1004.8,0
Los Angeles,34.05,-118.24,2025-10-13T04:00,63.6,63,5.2,0.0,1005.2,2
Los Angeles,34.05,-118.24,2025-10-13T05:00,61.9,69,5.7,0.0,1005.5,13
Los Angeles,34.05,-118.24,2025-10-13T06:00,60.9,76,6.1,0.0,1005.7,1
Los Angeles,34.05,-118.24,2025-10-13T07:00,58.4,83,7.6,0.0,1005.9,9
Los Angeles,34.05,-118.24,2025-10-13T08:00,58.7,77,6.9,0.0,1006.0,15
Los Angeles,34.05,-118.24,2025-10-13T09:00,58.3,83,7.1,0.0,1006.3,1
Los Angeles,34.05,-118.24,2025-10-13T10:00,58.3,86,7.1,0.0,1006.0,49
Los Angeles,34.05,-118.24,2025-10-13T11:00,60.9,82,7.9,0.0,1005.7,42
Los Angeles,34.05,-118.24,2025-10-13T12:00,61.1,81,8.0,0.0,1005.8,100
Los Angeles,34.05,-118.24,2025-10-13T13:00,61.9,79,10.6,0.0,1006.6,100
Los Angeles,34.05,-118.24,2025-10-13T14:00,62.6,75,10.6,0.0,1006.9,100
Los Angeles,34.05,-118.24,2025-10-13T15:00,63.1,73,12.8,0.0,1007.1,100
Los Angeles,34.05,-118.24,2025-10-13T16:00,64.5,72,11.8,0.0,1007.8,82
Los Angeles,34.05,-118.24,2025-10-13T17:00,65.9,64,14.8,0.0,1008.1,100
Los Angeles,34.05,-118.24,2025-10-13T18:00,67.9,55,13.8,0.0,1008.0,47
Los Angeles,34.05,-118.24,2025-10-13T19:00,71.0,50,14.1,0.0,1007.8,100
Los Angeles,34.05,-118.24,2025-10-13T20:00,73.3,45,16.5,0.0,1007.1,97
Los Angeles,34.05,-118.24,2025-10-13T21:00,70.6,57,18.6,0.0,1006.5,100
Los Angeles,34.05,-118.24,2025-10-13T22:00,71.2,53,19.4,0.0,1006.4,63
Los Angeles,34.05,-118.24,2025-10-13T23:00,69.5,58,21.2,0.0,1006.5,41
Los Angeles,34.05,-118.24,2025-10-14T00:00,67.3,62,19.1,0.0,1006.6,40
Los Angeles,34.05,-118.24,2025-10-14T01:00,65.9,62,16.2,0.0,1007.3,100
Los Angeles,34.05,-118.24,2025-10-14T02:00,63.5,73,13.0,0.0,1007.9,66
Los Angeles,34.05,-118.24,2025-10-14T03:00,63.1,73,13.4,0.0,1008.6,81
Los Angeles,34.05,-118.24,2025-10-14T04:00,63.2,68,11.3,0.0,1009.2,95
Los Angeles,34.05,-118.24,2025-10-14T05:00,62.1,71,12.4,0.0,1009.7,100
Los Angeles,34.05,-118.24,2025-10-14T06:00,63.0,61,13.0,0.0,1009.9,69
Los Angeles,34.05,-118.24,2025-10-14T07:00,60.9,78,11.4,0.0,1009.8,100
Los Angeles,34.05,-118.24,2025-10-14T08:00,62.5,71,11.2,0.0,1009.9,100
Los Angeles,34.05,-118.24,2025-10-14T09:00,62.4,75,11.7,0.0,1009.8,100
Los Angeles,34.05,-118.24,2025-10-14T10:00,60.7,77,12.4,0.0,1009.3,100
Los Angeles,34.05,-118.24,2025-10-14T11:00,59.0,92,15.5,0.7,1008.9,100
Los Angeles,34.05,-118.24,2025-10-14T12:00,59.4,87,14.8,0.3,1008.8,100
Los Angeles,34.05,-118.24,2025-10-14T13:00,59.2,90,21.2,0.7,1008.9,100
Los Angeles,34.05,-118.24,2025-10-14T14:00,60.1,87,13.4,1.8,1008.8,100
Los Angeles,34.05,-118.24,2025-10-14T15:00,58.0,99,15.1,1.9,1009.4,100
Los Angeles,34.05,-118.24,2025-10-14T16:00,59.5,96,22.2,1.2,1009.4,100
Los Angeles,34.05,-118.24,2025-10-14T17:00,58.0,95,19.4,0.1,1010.3,100
Los Angeles,34.05,-118.24,2025-10-14T18:00,53.9,95,9.7,2.1,1011.6,100
Los Angeles,34.05,-118.24,2025-10-14T19:00,56.1,95,3.9,2.8,1012.0,100
Los Angeles,34.05,-118.24,2025-10-14T20:00,57.3,91,5.2,0.1,1012.1,100
Los Angeles,34.05,-118.24,2025-10-14T21:00,58.1,84,6.9,0.0,1012.0,95
Los Angeles,34.05,-118.24,2025-10-14T22:00,61.0,74,6.1,0.0,1012.0,21
Los Angeles,34.05,-118.24,2025-10-14T23:00,61.9,68,10.0,0.0,1012.6,5
Los Angeles,34.05,-118.24,2025-10-15T00:00,61.5,65,7.3,0.0,1013.0,10
Los Angeles,34.05,-118.24,2025-10-15T01:00,61.3,64,4.7,0.0,1013.4,37
Los Angeles,34.05,-118.24,2025-10-15T02:00,57.7,79,3.2,0.0,1014.1,34
Los Angeles,34.05,-118.24,2025-10-15T03:00,57.4,83,7.9,0.0,1014.5,3
Los Angeles,34.05,-118.24,2025-10-15T04:00,56.7,87,7.2,0.0,1015.0,19
Los Angeles,34.05,-118.24,2025-10-15T05:00,57.4,88,7.7,0.0,1015.3,100
Los Angeles,34.05,-118.24,2025-10-15T06:00,57.4,90,6.9,0.3,1015.5,100
Los Angeles,34.05,-118.24,2025-10-15T07:00,57.0,88,15.6,0.8,1015.9,100
Los Angeles,34.05,-118.24,2025-10-15T08:00,55.1,88,12.6,4.9,1016.0,100
Los Angeles,34.05,-118.24,2025-10-15T09:00,55.3,83,7.7,0.0,1015.6,100
Los Angeles,34.05,-118.24,2025-10-15T10:00,56.2,86,2.2,0.0,1015.2,31
Los Angeles,34.05,-118.24,2025-10-15T11:00,54.8,91,1.9,0.0,1014.8,5
Los Angeles,34.05,-118.24,2025-10-15T12:00,54.4,87,3.6,0.0,1015.1,5
Los Angeles,34.05,-118.24,2025-10-15T13:00,53.1,87,6.6,0.0,1015.5,60
Los Angeles,34.05,-118.24,2025-10-15T14:00,52.9,87,2.7,0.0,1015.7,0
Los Angeles,34.05,-118.24,2025-10-15T15:00,54.7,94,2.2,0.0,1016.1,1
Los Angeles,34.05,-118.24,2025-10-15T16:00,58.4,82,7.2,0.0,1016.6,20
Los Angeles,34.05,-118.24,2025-10-15T17:00,61.7,66,6.9,0.0,1016.9,3
Los Angeles,34.05,-118.24,2025-10-15T18:00,64.3,58,11.5,0.0,1016.7,3
Los Angeles,34.05,-118.24,2025-10-15T19:00,65.6,56,9.7,0.0,1016.4,4
Los Angeles,34.05,-118.24,2025-10-15T20:00,67.9,54,10.3,0.0,1015.8,1
Los Angeles,34.05,-118.24,2025-10-15T21:00,69.8,46,11.5,0.0,1015.1,0
Los Angeles,34.05,-118.24,2025-10-15T22:00,69.4,47,13.0,0.0,1014.7,1
Los Angeles,34.05,-118.24,2025-10-15T23:00,68.5,50,13.5,0.0,1014.4,3
Los Angeles,34.05,-118.24,2025-10-16T00:00,66.1,58,14.3,0.0,1014.2,4
Los Angeles,34.05,-118.24,2025-10-16T01:00,63.7,60,12.8,0.0,1014.2,0
Los Angeles,34.05,-118.24,2025-10-16T02:00,60.8,63,7.8,0.0,1014.6,4
Los Angeles,34.05,-118.24,2025-10-16T03:00,59.9,66,6.0,0.0,1014.5,0
Los Angeles,34.05,-118.24,2025-10-16T04:00,58.5,69,4.2,0.0,1014.4,0
Los Angeles,34.05,-118.24,2025-10-16T05:00,57.5,74,4.8,0.0,1014.8,0
Los Angeles,34.05,-118.24,2025-10-16T06:00,56.1,70,5.9,0.0,1015.2,0
Los Angeles,34.05,-118.24,2025-10-16T07:00,54.5,72,6.1,0.0,1014.9,0
Los Angeles,34.05,-118.24,2025-10-16T08:00,54.0,73,5.6,0.0,1014.6,0
Los Angeles,34.05,-118.24,2025-10-16T09:00,52.9,74,8.3,0.0,1014.7,0
Los Angeles,34.05,-118.24,2025-10-16T10:00,52.7,74,7.2,0.0,1014.1,0
Los Angeles,34.05,-118.24,2025-10-16T11:00,52.0,74,8.7,0.0,1013.7,0
Los Angeles,34.05,-118.24,2025-10-16T12:00,53.0,65,7.1,0.0,1013.1,0
Los Angeles,34.05,-118.24,2025-10-16T13:00,51.9,70,8.4,0.0,1013.0,0
Los Angeles,34.05,-118.24,2025-10-16T14:00,51.1,71,7.9,0.0,1013.1,0
Los Angeles,34.05,-118.24,2025-10-16T15:00,53.8,73,7.3,0.0,1013.5,0
Los Angeles,34.05,-118.24,2025-10-16T16:00,60.5,60,4.8,0.0,1014.1,0
Los Angeles,34.05,-118.24,2025-10-16T17:00,64.1,53,3.3,0.0,1014.2,0
Los Angeles,34.05,-118.24,2025-10-16T18:00,69.1,42,4.2,0.0,1014.0,0
Los Angeles,34.05,-118.24,2025-10-16T19:00,73.1,33,4.7,0.0,1013.7,0
Los Angeles,34.05,-118.24,2025-10-16T20:00,75.4,29,7.1,0.0,1012.9,0
Los Angeles,34.05,-118.24,2025-10-16T21:00,77.3,26,8.1,0.0,1012.2,0
Los Angeles,34.05,-118.24,2025-10-16T22:00,78.6,26,9.9,0.0,1011.6,0
Los Angeles,34.05,-118.24,2025-10-16T23:00,74.9,37,13.3,0.0,1011.4,0
Los Angeles,34.05,-118.24,2025-10-17T00:00,72.1,47,11.0,0.0,1011.1,0
Los Angeles,34.05,-118.24,2025-10-17T01:00,68.7,55,8.2,0.0,1011.1,1
Los Angeles,34.05,-118.24,2025-10-17T02:00,65.5,61,4.7,0.0,1011.4,0
Los Angeles,34.05,-118.24,2025-10-17T03:00,63.9,66,3.6,0.0,1011.7,0
Los Angeles,34.05,-118.24,2025-10-17T04:00,62.3,68,4.2,0.0,1011.6,0
Los Angeles,34.05,-118.24,2025-10-17T05:00,61.8,62,4.0,0.0,1011.6,0
Los Angeles,34.05,-118.24,2025-10-17T06:00,60.6,62,4.3,0.0,1012.0,0
Los Angeles,34.05,-118.24,2025-10-17T07:00,57.9,73,8.0,0.0,1012.1,0
Los Angeles,34.05,-118.24,2025-10-17T08:00,56.8,81,7.4,0.0,1012.2,1
Los Angeles,34.05,-118.24,2025-10-17T09:00,55.8,84,3.1,0.0,1012.1,3
Los Angeles,34.05,-118.24,2025-10-17T10:00,54.7,84,4.3,0.0,1012.0,6
Los Angeles,34.05,-118.24,2025-10-17T11:00,55.2,75,3.9,0.0,1011.9,23
Los Angeles,34.05,-118.24,2025-10-17T12:00,53.4,78,9.9,0.0,1012.2,0
Los Angeles,34.05,-118.24,2025-10-17T13:00,54.5,67,5.1,0.0,1012.1,0
Los Angeles,34.05,-118.24,2025-10-17T14:00,54.1,68,9.7,0.0,1012.8,0
Los Angeles,34.05,-118.24,2025-10-17T15:00,57.4,68,11.3,0.0,1013.0,0
Los Angeles,34.05,-118.24,2025-10-17T16:00,65.0,62,4.8,0.0,1013.4,0
Los Angeles,34.05,-118.24,2025-10-17T17:00,70.4,53,4.0,0.0,1013.9,0
Los Angeles,34.05,-118.24,2025-10-17T18:00,77.2,38,1.1,0.0,1013.6,0
Los Angeles,34.05,-118.24,2025-10-17T19:00,78.9,27,6.0,0.0,1013.3,0
Los Angeles,34.05,-118.24,2025-10-17T20:00,81.5,22,8.5,0.0,1012.9,0
Los Angeles,34.05,-118.24,2025-10-17T21:00,82.1,27,10.6,0.0,1011.9,0
Los Angeles,34.05,-118.24,2025-10-17T22:00,82.8,26,12.1,0.0,1011.6,7
Los Angeles,34.05,-118.24,2025-10-17T23:00,79.0,40,13.8,0.0,1011.5,0
Los Angeles,34.05,-118.24,2025-10-18T00:00,76.3,43,15.2,0.0,1011.3,0
Los Angeles,34.05,-118.24,2025-10-18T01:00,75.0,32,11.3,0.0,1011.3,0
Los Angeles,34.05,-118.24,2025-10-18T02:00,70.4,40,4.3,0.0,1011.7,0
Los Angeles,34.05,-118.24,2025-10-18T03:00,66.0,54,6.4,0.0,1011.9,3
Los Angeles,34.05,-118.24,2025-10-18T04:00,66.3,47,8.7,0.0,1012.3,0
Los Angeles,34.05,-118.24,2025-10-18T05:00,60.9,65,4.8,0.0,1013.0,1
Los Angeles,34.05,-118.24,2025-10-18T06:00,60.5,64,5.5,0.0,1013.2,0
Los Angeles,34.05,-118.24,2025-10-18T07:00,60.0,58,7.6,0.0,1013.3,0
Los Angeles,34.05,-118.24,2025-10-18T08:00,57.3,65,5.4,0.0,1013.3,0
Los Angeles,34.05,-118.24,2025-10-18T09:00,59.5,54,9.2,0.0,1013.3,0
Los Angeles,34.05,-118.24,2025-10-18T10:00,58.9,58,8.5,0.0,1013.3,0
Los Angeles,34.05,-118.24,2025-10-18T11:00,58.1,54,7.6,0.0,1013.3,0
Los Angeles,34.05,-118.24,2025-10-18T12:00,56.7,57,5.9,0.0,1013.6,0
Los Angeles,34.05,-118.24,2025-10-18T13:00,55.9,56,9.3,0.0,1014.3,0
Los Angeles,34.05,-118.24,2025-10-18T14:00,56.6,53,6.8,0.0,1014.5,1
Los Angeles,34.05,-118.24,2025-10-18T15:00,58.6,51,7.4,0.0,1015.2,0
Los Angeles,34.05,-118.24,2025-10-18T16:00,67.3,50,7.2,0.0,1016.0,0
Los Angeles,34.05,-118.24,2025-10-18T17:00,73.9,32,6.6,0.0,1016.0,0
Los Angeles,34.05,-118.24,2025-10-18T18:00,78.5,28,4.6,0.0,1015.9,0
Los Angeles,34.05,-118.24,2025-10-18T19:00,82.0,25,4.0,0.0,1015.6,0
Los Angeles,34.05,-118.24,2025-10-18T20:00,87.4,13,3.8,0.0,1014.9,0
Los Angeles,34.05,-118.24,2025-10-18T21:00,88.7,13,5.2,0.0,1014.3,0
Los Angeles,34.05,-118.24,2025-10-18T22:00,85.8,22,14.6,0.0,1013.9,0
Los Angeles,34.05,-118.24,2025-10-18T23:00,86.4,21,10.5,0.0,1013.8,0
Los Angeles,34.05,-118.24,2025-10-19T00:00,83.3,24,11.6,0.0,1013.6,0
Los Angeles,34.05,-118.24,2025-10-19T01:00,75.8,39,12.3,0.0,1013.5,0
Los Angeles,34.05,-118.24,2025-10-19T02:00,71.4,51,10.2,0.0,1013.8,0
Los Angeles,34.05,-118.24,2025-10-19T03:00,68.2,67,5.9,0.0,1014.3,0
Los Angeles,34.05,-118.24,2025-10-19T04:00,67.8,70,4.7,0.0,1014.6,0
Los Angeles,34.05,-118.24,2025-10-19T05:00,64.6,79,4.4,0.0,1015.0,16
Los Angeles,34.05,-118.24,2025-10-19T06:00,64.0,73,7.9,0.0,1015.4,32
Los Angeles,34.05,-118.24,2025-10-19T07:00,62.1,66,6.7,0.0,1015.3,4
Los Angeles,34.05,-118.24,2025-10-19T08:00,61.3,57,4.5,0.0,1015.4,12
Los Angeles,34.05,-118.24,2025-10-19T09:00,60.9,46,4.2,0.0,1015.6,2
Los Angeles,34.05,-118.24,2025-10-19T10:00,59.3,58,3.5,0.0,1015.3,3
Los Angeles,34.05,-118.24,2025-10-19T11:00,58.7,58,8.2,0.0,1014.9,10
Los Angeles,34.05,-118.24,2025-10-19T12:00,59.2,54,7.9,0.0,1015.0,23
Los Angeles,34.05,-118.24,2025-10-19T13:00,59.6,37,9.4,0.0,1015.3,74
Los Angeles,34.05,-118.24,2025-10-19T14:00,57.0,36,10.2,0.0,1015.8,58
Los Angeles,34.05,-118.24,2025-10-19T15:00,59.3,43,7.6,0.0,1016.1,72
Los Angeles,34.05,-118.24,2025-10-19T16:00,67.8,41,5.7,0.0,1016.7,99
Los Angeles,34.05,-118.24,2025-10-19T17:00,72.9,34,4.2,0.0,1017.2,4
Los Angeles,34.05,-118.24,2025-10-19T18:00,77.0,35,5.0,0.0,1017.2,4
Los Angeles,34.05,-118.24,2025-10-19T19:00,81.7,33,4.7,0.0,1016.5,51
Los Angeles,34.05,-118.24,2025-10-19T20:00,84.6,31,3.8,0.0,1015.7,60
Los Angeles,34.05,-118.24,2025-10-19T21:00,85.0,30,10.2,0.0,1014.9,8
Los Angeles,34.05,-118.24,2025-10-19T22:00,82.0,41,14.8,0.0,1014.6,24
Los Angeles,34.05,-118.24,2025-10-19T23:00,79.6,45,13.3,0.0,1014.4,6
San Francisco,37.77,-122.42,2025-10-13T00:00,65.1,65,21.5,0.0,1008.8,2
San Francisco,37.77,-122.42,2025-10-13T01:00,63.7,62,18.1,0.0,1008.6,0
San Francisco,37.77,-122.42,2025-10-13T02:00,59.9,71,17.2,0.0,1008.2,2
San Francisco,37.77,-122.42,2025-10-13T03:00,58.7,71,14.9,0.0,1008.1,1
San Francisco,37.77,-122.42,2025-10-13T04:00,57.9,73,13.4,0.0,1007.9,34
San Francisco,37.77,-122.42,2025-10-13T05:00,58.0,65,13.7,0.0,1008.0,59
San Francisco,37.77,-122.42,2025-10-13T06:00,57.4,74,17.3,0.0,1007.7,74
San Francisco,37.77,-122.42,2025-10-13T07:00,56.9,72,15.5,0.0,1007.7,62
San Francisco,37.77,-122.42,2025-10-13T08:00,56.0,73,13.3,0.0,1007.4,81
San Francisco,37.77,-122.42,2025-10-13T09:00,55.8,74,14.8,0.0,1007.3,4
San Francisco,37.77,-122.42,2025-10-13T10:00,55.7,74,12.1,0.0,1007.2,12
San Francisco,37.77,-122.42,2025-10-13T11:00,55.0,78,13.0,0.0,1006.8,0
San Francisco,37.77,-122.42,2025-10-13T12:00,55.4,81,15.1,0.0,1006.5,17
San Francisco,37.77,-122.42,2025-10-13T13:00,55.5,80,10.7,0.0,1006.3,1
San Francisco,37.77,-122.42,2025-10-13T14:00,54.0,83,10.8,0.0,1006.1,25
San Francisco,37.77,-122.42,2025-10-13T15:00,54.9,86,8.5,0.0,1005.9,16
San Francisco,37.77,-122.42,2025-10-13T16:00,58.4,79,13.6,0.0,1006.0,100
San Francisco,37.77,-122.42,2025-10-13T17:00,61.7,70,12.7,0.0,1005.9,99
San Francisco,37.77,-122.42,2025-10-13T18:00,62.6,69,12.3,0.0,1005.3,100
San Francisco,37.77,-122.42,2025-10-13T19:00,61.9,78,14.0,0.0,1004.5,100
San Francisco,37.77,-122.42,2025-10-13T20:00,60.9,74,13.6,0.1,1003.6,100
San Francisco,37.77,-122.42,2025-10-13T21:00,58.4,92,16.6,2.5,1002.3,100
San Francisco,37.77,-122.42,2025-10-13T22:00,58.3,92,14.5,0.0,1001.8,100
San Francisco,37.77,-122.42,2025-10-13T23:00,56.7,93,9.5,12.0,1001.8,100
San Francisco,37.77,-122.42,2025-10-14T00:00,55.3,92,3.6,3.5,1001.4,100
San Francisco,37.77,-122.42,2025-10-14T01:00,53.7,94,2.9,1.3,1001.6,100
San Francisco,37.77,-122.42,2025-10-14T02:00,53.5,92,4.3,1.1,1001.7,100
San Francisco,37.77,-122.42,2025-10-14T03:00,53.0,94,9.7,0.8,1002.2,100
San Francisco,37.77,-122.42,2025-10-14T04:00,53.1,91,7.4,2.2,1002.3,100
San Francisco,37.77,-122.42,2025-10-14T05:00,52.7,90,3.1,0.0,1002.9,98
San Francisco,37.77,-122.42,2025-10-14T06:00,52.7,84,1.8,0.0,1003.3,99
San Francisco,37.77,-122.42,2025-10-14T07:00,51.6,86,3.9,0.0,1003.5,100
San Francisco,37.77,-122.42,2025-10-14T08:00,52.0,88,5.1,0.0,1003.7,91
San Francisco,37.77,-122.42,2025-10-14T09:00,52.4,90,5.1,0.0,1004.0,100
San Francisco,37.77,-122.42,2025-10-14T10:00,52.4,92,1.5,0.0,1004.5,100
San Francisco,37.77,-122.42,2025-10-14T11:00,51.4,91,2.5,0.0,1004.8,42
San Francisco,37.77,-122.42,2025-10-14T12:00,51.7,85,4.0,0.0,1005.1,100
San Francisco,37.77,-122.42,2025-10-14T13:00,52.1,95,1.1,0.0,1005.8,100
San Francisco,37.77,-122.42,2025-10-14T14:00,52.1,92,2.5,0.0,1006.5,92
San Francisco,37.77,-122.42,2025-10-14T15:00,51.3,94,6.9,0.0,1006.9,91
San Francisco,37.77,-122.42,2025-10-14T16:00,53.8,91,5.1,0.0,1007.7,100
San Francisco,37.77,-122.42,2025-10-14T17:00,54.4,92,4.7,0.0,1008.4,100
San Francisco,37.77,-122.42,2025-10-14T18:00,54.9,88,3.9,0.0,1008.8,100
San Francisco,37.77,-122.42,2025-10-14T19:00,57.0,86,1.9,0.0,1009.0,25
San Francisco,37.77,-122.42,2025-10-14T20:00,57.5,85,1.9,0.0,1009.3,15
San Francisco,37.77,-122.42,2025-10-14T21:00,58.5,82,8.5,0.0,1009.3,73
San Francisco,37.77,-122.42,2025-10-14T22:00,59.2,82,10.9,0.0,1009.5,65
San Francisco,37.77,-122.42,2025-10-14T23:00,58.9,86,11.6,0.0,1010.1,100
San Francisco,37.77,-122.42,2025-10-15T00:00,57.8,85,12.4,0.0,1010.7,100
San Francisco,37.77,-122.42,2025-10-15T01:00,56.7,85,7.0,0.0,1011.5,99
San Francisco,37.77,-122.42,2025-10-15T02:00,55.3,84,6.9,0.0,1012.0,96
San Francisco,37.77,-122.42,2025-10-15T03:00,54.9,83,8.8,0.0,1012.7,35
San Francisco,37.77,-122.42,2025-10-15T04:00,54.3,84,5.0,0.0,1013.4,53
San Francisco,37.77,-122.42,2025-10-15T05:00,55.2,84,6.5,0.0,1014.0,100
San Francisco,37.77,-122.42,2025-10-15T06:00,55.3,88,4.2,0.1,1014.4,100
San Francisco,37.77,-122.42,2025-10-15T07:00,55.0,84,2.9,0.0,1014.7,100
San Francisco,37.77,-122.42,2025-10-15T08:00,55.0,88,4.4,0.0,1015.2,100
San Francisco,37.77,-122.42,2025-10-15T09:00,54.5,88,2.0,0.0,1015.4,100
San Francisco,37.77,-122.42,2025-10-15T10:00,54.7,87,4.6,0.0,1015.7,100
San Francisco,37.77,-122.42,2025-10-15T11:00,55.1,80,7.3,0.0,1015.7,100
San Francisco,37.77,-122.42,2025-10-15T12:00,54.4,82,4.7,0.0,1015.9,100
San Francisco,37.77,-122.42,2025-10-15T13:00,54.6,84,1.5,0.0,1016.6,100
San Francisco,37.77,-122.42,2025-10-15T14:00,54.4,85,3.9,0.0,1017.3,100
San Francisco,37.77,-122.42,2025-10-15T15:00,54.5,82,3.9,0.0,1017.8,100
San Francisco,37.77,-122.42,2025-10-15T16:00,55.0,87,7.4,0.0,1018.5,100
San Francisco,37.77,-122.42,2025-10-15T17:00,56.5,84,9.7,0.0,1019.1,100
San Francisco,37.77,-122.42,2025-10-15T18:00,57.0,82,10.2,0.0,1019.3,85
San Francisco,37.77,-122.42,2025-10-15T19:00,58.1,83,9.7,0.0,1019.4,100
San Francisco,37.77,-122.42,2025-10-15T20:00,60.0,82,6.7,0.0,1019.3,100
San Francisco,37.77,-122.42,2025-10-15T21:00,60.9,80,3.6,0.0,1019.0,14
San Francisco,37.77,-122.42,2025-10-15T22:00,61.9,76,4.7,0.0,1018.9,4
San Francisco,37.77,-122.42,2025-10-15T23:00,62.0,75,4.3,0.0,1019.0,6
San Francisco,37.77,-122.42,2025-10-16T00:00,61.4,75,6.4,0.0,1019.0,7
San Francisco,37.77,-122.42,2025-10-16T01:00,59.5,79,5.6,0.0,1019.2,6
San Francisco,37.77,-122.42,2025-10-16T02:00,56.6,83,8.2,0.0,1019.2,32
San Francisco,37.77,-122.42,2025-10-16T03:00,55.4,82,9.2,0.0,1019.5,15
San Francisco,37.77,-122.42,2025-10-16T04:00,54.7,86,9.5,0.0,1019.7,3
San Francisco,37.77,-122.42,2025-10-16T05:00,54.3,87,8.9,0.0,1020.0,15
San Francisco,37.77,-122.42,2025-10-16T06:00,54.3,81,6.4,0.0,1019.9,1
San Francisco,37.77,-122.42,2025-10-16T07:00,54.1,77,4.8,0.0,1019.8,0
San Francisco,37.77,-122.42,2025-10-16T08:00,53.1,79,3.4,0.0,1019.7,0
San Francisco,37.77,-122.42,2025-10-16T09:00,51.9,81,3.1,0.0,1019.7,0
San Francisco,37.77,-122.42,2025-10-16T10:00,51.2,80,2.1,0.0,1019.4,0
San Francisco,37.77,-122.42,2025-10-16T11:00,51.0,78,2.8,0.0,1019.1,0
San Francisco,37.77,-122.42,2025-10-16T12:00,50.7,78,5.4,0.0,1018.7,0
San Francisco,37.77,-122.42,2025-10-16T13:00,50.2,80,1.9,0.0,1018.7,3
San Francisco,37.77,-122.42,2025-10-16T14:00,50.0,83,1.6,0.0,1018.8,12
San Francisco,37.77,-122.42,2025-10-16T15:00,50.4,83,5.0,0.0,1019.1,4
San Francisco,37.77,-122.42,2025-10-16T16:00,55.7,94,3.4,0.0,1019.4,27
San Francisco,37.77,-122.42,2025-10-16T17:00,58.1,94,4.4,0.0,1019.4,83
San Francisco,37.77,-122.42,2025-10-16T18:00,59.8,88,5.9,0.0,1019.0,100
San Francisco,37.77,-122.42,2025-10-16T19:00,62.1,79,3.8,0.0,1018.8,56
San Francisco,37.77,-122.42,2025-10-16T20:00,64.1,75,3.5,0.0,1018.0,50
San Francisco,37.77,-122.42,2025-10-16T21:00,64.9,73,5.8,0.0,1017.1,8
San Francisco,37.77,-122.42,2025-10-16T22:00,65.1,71,10.6,0.0,1016.6,3
San Francisco,37.77,-122.42,2025-10-16T23:00,64.4,71,13.8,0.0,1016.3,0
San Francisco,37.77,-122.42,2025-10-17T00:00,63.0,75,16.2,0.0,1015.9,1
San Francisco,37.77,-122.42,2025-10-17T01:00,59.9,79,16.3,0.0,1015.6,1
San Francisco,37.77,-122.42,2025-10-17T02:00,57.1,84,15.4,0.0,1015.8,1
San Francisco,37.77,-122.42,2025-10-17T03:00,56.4,82,12.2,0.0,1016.1,0
San Francisco,37.77,-122.42,2025-10-17T04:00,55.5,80,8.0,0.0,1015.8,0
San Francisco,37.77,-122.42,2025-10-17T05:00,54.1,86,6.6,0.0,1015.8,0
San Francisco,37.77,-122.42,2025-10-17T06:00,53.7,83,6.2,0.0,1015.9,3
San Francisco,37.77,-122.42,2025-10-17T07:00,52.8,88,6.5,0.0,1016.3,0
San Francisco,37.77,-122.42,2025-10-17T08:00,52.4,89,6.8,0.0,1015.8,8
San Francisco,37.77,-122.42,2025-10-17T09:00,52.1,88,7.2,0.0,1016.0,28
San Francisco,37.77,-122.42,2025-10-17T10:00,52.5,81,2.6,0.0,1015.6,8
San Francisco,37.77,-122.42,2025-10-17T11:00,51.7,79,1.8,0.0,1015.5,8
San Francisco,37.77,-122.42,2025-10-17T12:00,51.0,79,1.5,0.0,1015.6,13
San Francisco,37.77,-122.42,2025-10-17T13:00,51.8,84,1.6,0.0,1015.8,81
San Francisco,37.77,-122.42,2025-10-17T14:00,51.9,86,1.5,0.0,1016.1,27
San Francisco,37.77,-122.42,2025-10-17T15:00,52.5,85,5.2,0.0,1016.2,50
San Francisco,37.77,-122.42,2025-10-17T16:00,57.0,93,3.9,0.0,1016.7,53
San Francisco,37.77,-122.42,2025-10-17T17:00,58.9,94,4.0,0.0,1017.0,43
San Francisco,37.77,-122.42,2025-10-17T18:00,61.3,90,3.1,0.0,1017.0,16
San Francisco,37.77,-122.42,2025-10-17T19:00,64.7,77,4.2,0.0,1016.6,3
San Francisco,37.77,-122.42,2025-10-17T20:00,68.0,68,3.1,0.0,1016.2,8
San Francisco,37.77,-122.42,2025-10-17T21:00,71.6,59,4.0,0.0,1015.5,3
San Francisco,37.77,-122.42,2025-10-17T22:00,73.6,53,4.7,0.0,1015.0,1
San Francisco,37.77,-122.42,2025-10-17T23:00,71.7,57,10.3,0.0,1014.7,0
San Francisco,37.77,-122.42,2025-10-18T00:00,70.0,52,13.8,0.0,1014.1,0
San Francisco,37.77,-122.42,2025-10-18T01:00,65.2,62,12.8,0.0,1014.2,0
San Francisco,37.77,-122.42,2025-10-18T02:00,62.2,69,9.3,0.0,1014.3,0
San Francisco,37.77,-122.42,2025-10-18T03:00,61.1,70,10.1,0.0,1014.5,0
San Francisco,37.77,-122.42,2025-10-18T04:00,59.8,76,8.6,0.0,1014.7,0
San Francisco,37.77,-122.42,2025-10-18T05:00,59.0,74,7.6,0.0,1014.9,0
San Francisco,37.77,-122.42,2025-10-18T06:00,58.0,69,8.7,0.0,1014.9,0
San Francisco,37.77,-122.42,2025-10-18T07:00,56.0,75,10.2,0.0,1015.1,0
San Francisco,37.77,-122.42,2025-10-18T08:00,55.4,80,7.9,0.0,1015.3,1
San Francisco,37.77,-122.42,2025-10-18T09:00,54.7,80,7.3,0.0,1015.4,2
San Francisco,37.77,-122.42,2025-10-18T10:00,55.4,76,4.2,0.0,1015.5,0
San Francisco,37.77,-122.42,2025-10-18T11:00,54.8,76,4.4,0.0,1015.4,4
San Francisco,37.77,-122.42,2025-10-18T12:00,54.8,75,5.8,0.0,1015.3,0
San Francisco,37.77,-122.42,2025-10-18T13:00,54.3,83,6.3,0.0,1015.4,3
San Francisco,37.77,-122.42,2025-10-18T14:00,53.8,83,4.5,0.0,1015.7,1
San Francisco,37.77,-122.42,2025-10-18T15:00,54.6,81,6.6,0.0,1016.1,5
San Francisco,37.77,-122.42,2025-10-18T16:00,60.0,89,5.4,0.0,1016.8,0
San Francisco,37.77,-122.42,2025-10-18T17:00,63.2,83,6.4,0.0,1017.2,1
San Francisco,37.77,-122.42,2025-10-18T18:00,65.7,78,6.3,0.0,1017.1,1
San Francisco,37.77,-122.42,2025-10-18T19:00,69.0,69,3.8,0.0,1017.0,0
San Francisco,37.77,-122.42,2025-10-18T20:00,73.2,60,3.6,0.0,1016.4,0
San Francisco,37.77,-122.42,2025-10-18T21:00,75.2,53,3.9,0.0,1015.7,0
San Francisco,37.77,-122.42,2025-10-18T22:00,77.0,50,3.4,0.0,1015.2,0
San Francisco,37.77,-122.42,2025-10-18T23:00,77.8,45,2.2,0.0,1015.2,0
San Francisco,37.77,-122.42,2025-10-19T00:00,77.2,47,6.4,0.0,1015.2,22
San Francisco,37.77,-122.42,2025-10-19T01:00,73.8,47,8.2,0.0,1015.3,0
San Francisco,37.77,-122.42,2025-10-19T02:00,68.5,49,9.0,0.0,1015.5,0
San Francisco,37.77,-122.42,2025-10-19T03:00,65.8,60,8.6,0.0,1016.0,0
San Francisco,37.77,-122.42,2025-10-19T04:00,64.8,55,11.5,0.0,1016.4,0
San Francisco,37.77,-122.42,2025-10-19T05:00,62.7,64,8.4,0.0,1016.6,0
San Francisco,37.77,-122.42,2025-10-19T06:00,60.7,65,6.1,0.0,1016.6,2
San Francisco,37.77,-122.42,2025-10-19T07:00,58.4,75,9.9,0.0,1016.8,1
San Francisco,37.77,-122.42,2025-10-19T08:00,57.1,74,7.3,0.0,1016.9,1
San Francisco,37.77,-122.42,2025-10-19T09:00,55.6,78,6.6,0.0,1017.1,2
San Francisco,37.77,-122.42,2025-10-19T10:00,54.5,79,8.9,0.0,1017.3,100
San Francisco,37.77,-122.42,2025-10-19T11:00,54.7,87,7.6,0.0,1017.2,44
San Francisco,37.77,-122.42,2025-10-19T12:00,55.5,93,7.8,0.0,1017.3,8
San Francisco,37.77,-122.42,2025-10-19T13:00,55.5,93,5.8,0.0,1017.6,34
San Francisco,37.77,-122.42,2025-10-19T14:00,53.8,93,4.0,0.0,1017.6,100
San Francisco,37.77,-122.42,2025-10-19T15:00,54.8,88,6.8,0.0,1018.2,48
San Francisco,37.77,-122.42,2025-10-19T16:00,58.3,86,5.2,0.0,1018.8,100
San Francisco,37.77,-122.42,2025-10-19T17:00,61.0,85,5.9,0.0,1018.7,100
San Francisco,37.77,-122.42,2025-10-19T18:00,60.5,91,9.8,0.0,1019.1,100
San Francisco,37.77,-122.42,2025-10-19T19:00,60.8,87,15.3,0.0,1019.2,100
San Francisco,37.77,-122.42,2025-10-19T20:00,64.2,75,15.3,0.0,1018.6,48
San Francisco,37.77,-122.42,2025-10-19T21:00,69.6,66,5.6,0.0,1017.7,0
San Francisco,37.77,-122.42,2025-10-19T22:00,71.7,52,10.4,0.0,1017.3,0
San Francisco,37.77,-122.42,2025-10-19T23:00,67.9,61,17.1,0.0,1017.3,0
San Diego,32.72,-117.16,2025-10-13T00:00,68.9,77,8.9,0.0,1005.6,57
San Diego,32.72,-117.16,2025-10-13T01:00,67.3,81,8.1,0.0,1005.7,54
San Diego,32.72,-117.16,2025-10-13T02:00,64.4,87,8.0,0.0,1005.9,50
San Diego,32.72,-117.16,2025-10-13T03:00,63.8,89,4.0,0.0,1006.3,32
San Diego,32.72,-117.16,2025-10-13T04:00,63.5,86,7.9,0.0,1006.6,47
San Diego,32.72,-117.16,2025-10-13T05:00,62.7,86,7.9,0.0,1006.8,100
San Diego,32.72,-117.16,2025-10-13T06:00,63.9,83,7.9,0.0,1006.7,100
San Diego,32.72,-117.16,2025-10-13T07:00,62.9,85,7.8,0.0,1006.9,100
San Diego,32.72,-117.16,2025-10-13T08:00,61.7,88,6.8,0.0,1006.9,100
San Diego,32.72,-117.16,2025-10-13T09:00,62.0,86,8.6,0.0,1006.9,100
San Diego,32.72,-117.16,2025-10-13T10:00,60.8,89,7.0,0.0,1006.9,100
San Diego,32.72,-117.16,2025-10-13T11:00,61.3,83,8.4,0.0,1006.8,100
San Diego,32.72,-117.16,2025-10-13T12:00,61.2,82,9.9,0.0,1007.1,100
San Diego,32.72,-117.16,2025-10-13T13:00,61.3,78,11.2,0.0,1007.5,100
San Diego,32.72,-117.16,2025-10-13T14:00,61.8,75,11.2,0.0,1007.7,100
San Diego,32.72,-117.16,2025-10-13T15:00,62.5,74,14.3,0.0,1008.1,100
San Diego,32.72,-117.16,2025-10-13T16:00,64.2,78,17.1,0.0,1008.9,100
San Diego,32.72,-117.16,2025-10-13T17:00,65.2,75,17.4,0.0,1009.2,100
San Diego,32.72,-117.16,2025-10-13T18:00,65.5,76,19.7,0.0,1009.3,100
San Diego,32.72,-117.16,2025-10-13T19:00,66.8,73,20.2,0.0,1009.4,100
San Diego,32.72,-117.16,2025-10-13T20:00,66.3,73,18.4,0.0,1009.0,97
San Diego,32.72,-117.16,2025-10-13T21:00,64.9,75,17.1,0.0,1008.7,100
San Diego,32.72,-117.16,2025-10-13T22:00,65.7,75,15.6,0.0,1008.5,83
San Diego,32.72,-117.16,2025-10-13T23:00,65.8,74,14.5,0.0,1008.8,100
San Diego,32.72,-117.16,2025-10-14T00:00,65.3,71,13.6,0.0,1008.9,100
San Diego,32.72,-117.16,2025-10-14T01:00,64.1,75,10.7,0.0,1009.4,100
San Diego,32.72,-117.16,2025-10-14T02:00,62.5,80,8.8,0.0,1010.1,100
San Diego,32.72,-117.16,2025-10-14T03:00,62.4,82,9.0,0.0,1010.5,62
San Diego,32.72,-117.16,2025-10-14T04:00,61.6,80,6.9,0.0,1011.1,100
San Diego,32.72,-117.16,2025-10-14T05:00,62.0,83,4.8,0.0,1011.6,100
San Diego,32.72,-117.16,2025-10-14T06:00,62.5,79,7.6,0.0,1011.7,100
San Diego,32.72,-117.16,2025-10-14T07:00,61.7,81,9.2,0.0,1011.6,40
San Diego,32.72,-117.16,2025-10-14T08:00,59.8,85,6.4,0.0,1011.5,100
San Diego,32.72,-117.16,2025-10-14T09:00,60.3,75,7.5,0.0,1011.5,32
San Diego,32.72,-117.16,2025-10-14T10:00,59.9,81,8.7,0.0,1011.5,100
San Diego,32.72,-117.16,2025-10-14T11:00,60.1,77,9.5,0.0,1011.0,58
San Diego,32.72,-117.16,2025-10-14T12:00,61.1,73,10.5,0.0,1011.1,93
San Diego,32.72,-117.16,2025-10-14T13:00,61.2,71,10.9,0.0,1011.6,5
San Diego,32.72,-117.16,2025-10-14T14:00,61.8,63,11.4,0.0,1011.6,96
San Diego,32.72,-117.16,2025-10-14T15:00,64.1,66,17.3,0.0,1011.9,58
San Diego,32.72,-117.16,2025-10-14T16:00,66.1,61,21.4,0.0,1012.5,70
San Diego,32.72,-117.16,2025-10-14T17:00,68.6,61,25.2,0.0,1012.7,32
San Diego,32.72,-117.16,2025-10-14T18:00,68.8,59,27.9,0.0,1013.1,69
San Diego,32.72,-117.16,2025-10-14T19:00,63.6,89,23.9,0.0,1013.5,100
San Diego,32.72,-117.16,2025-10-14T20:00,63.9,88,23.4,0.0,1013.3,100
San Diego,32.72,-117.16,2025-10-14T21:00,65.7,81,26.7,0.0,1012.9,100
San Diego,32.72,-117.16,2025-10-14T22:00,61.5,95,15.8,2.3,1013.4,100
San Diego,32.72,-117.16,2025-10-14T23:00,61.0,94,5.8,5.9,1013.6,100
San Diego,32.72,-117.16,2025-10-15T00:00,61.3,93,4.4,4.2,1013.4,100
San Diego,32.72,-117.16,2025-10-15T01:00,61.3,91,6.4,0.0,1013.9,100
San Diego,32.72,-117.16,2025-10-15T02:00,61.2,92,5.6,0.0,1014.5,100
San Diego,32.72,-117.16,2025-10-15T03:00,60.4,94,1.8,0.0,1014.6,100
San Diego,32.72,-117.16,2025-10-15T04:00,60.2,93,3.8,0.0,1015.0,7
San Diego,32.72,-117.16,2025-10-15T05:00,60.7,92,1.3,0.0,1015.2,30
San Diego,32.72,-117.16,2025-10-15T06:00,59.2,91,2.6,0.0,1015.3,15
San Diego,32.72,-117.16,2025-10-15T07:00,58.5,91,5.2,0.0,1015.2,4
San Diego,32.72,-117.16,2025-10-15T08:00,58.2,92,4.5,0.0,1015.2,24
San Diego,32.72,-117.16,2025-10-15T09:00,57.8,92,4.1,0.0,1015.3,8
San Diego,32.72,-117.16,2025-10-15T10:00,57.1,91,5.9,0.0,1015.2,12
San Diego,32.72,-117.16,2025-10-15T11:00,57.2,90,6.6,0.0,1014.6,0
San Diego,32.72,-117.16,2025-10-15T12:00,57.7,86,6.6,0.0,1014.9,5
San Diego,32.72,-117.16,2025-10-15T13:00,56.5,87,7.0,0.0,1015.1,2
San Diego,32.72,-117.16,2025-10-15T14:00,57.1,89,5.4,0.0,1015.4,100
San Diego,32.72,-117.16,2025-10-15T15:00,59.0,89,5.6,0.1,1015.8,100
San Diego,32.72,-117.16,2025-10-15T16:00,60.7,89,6.9,0.0,1016.3,100
San Diego,32.72,-117.16,2025-10-15T17:00,62.2,81,3.3,0.0,1016.5,100
San Diego,32.72,-117.16,2025-10-15T18:00,63.4,82,4.6,0.0,1016.5,100
San Diego,32.72,-117.16,2025-10-15T19:00,66.2,77,7.6,0.0,1016.5,45
San Diego,32.72,-117.16,2025-10-15T20:00,66.2,78,13.3,0.0,1016.0,42
San Diego,32.72,-117.16,2025-10-15T21:00,66.7,71,14.6,0.0,1015.0,35
San Diego,32.72,-117.16,2025-10-15T22:00,67.8,62,16.4,0.0,1014.7,10
San Diego,32.72,-117.16,2025-10-15T23:00,67.2,67,15.5,0.0,1014.8,6
San Diego,32.72,-117.16,2025-10-16T00:00,65.7,67,17.1,0.0,1014.8,4
San Diego,32.72,-117.16,2025-10-16T01:00,64.0,65,13.9,0.0,1014.3,0
San Diego,32.72,-117.16,2025-10-16T02:00,62.1,65,7.3,0.0,1014.9,0
San Diego,32.72,-117.16,2025-10-16T03:00,60.7,69,6.9,0.0,1015.1,1
San Diego,32.72,-117.16,2025-10-16T04:00,59.8,74,5.9,0.0,1015.2,0
San Diego,32.72,-117.16,2025-10-16T05:00,58.2,78,4.4,0.0,1015.4,0
San Diego,32.72,-117.16,2025-10-16T06:00,57.1,79,6.0,0.0,1015.3,17
San Diego,32.72,-117.16,2025-10-16T07:00,56.0,80,7.0,0.0,1015.2,0
San Diego,32.72,-117.16,2025-10-16T08:00,57.1,79,7.9,0.0,1014.9,100
San Diego,32.72,-117.16,2025-10-16T09:00,57.6,74,7.0,0.0,1014.7,100
San Diego,32.72,-117.16,2025-10-16T10:00,56.9,81,6.9,0.0,1014.2,0
San Diego,32.72,-117.16,2025-10-16T11:00,55.5,81,5.2,0.0,1013.6,100
San Diego,32.72,-117.16,2025-10-16T12:00,56.2,75,5.5,0.0,1013.2,100
San Diego,32.72,-117.16,2025-10-16T13:00,54.4,77,5.3,0.0,1013.0,100
San Diego,32.72,-117.16,2025-10-16T14:00,53.8,79,7.0,0.0,1013.2,100
San Diego,32.72,-117.16,2025-10-16T15:00,56.9,81,5.4,0.0,1013.6,1
San Diego,32.72,-117.16,2025-10-16T16:00,62.3,67,2.6,0.0,1014.0,5
San Diego,32.72,-117.16,2025-10-16T17:00,66.7,60,2.3,0.0,1014.1,100
San Diego,32.72,-117.16,2025-10-16T18:00,70.2,51,8.1,0.0,1013.9,2
San Diego,32.72,-117.16,2025-10-16T19:00,72.3,52,11.0,0.0,1013.5,1
San Diego,32.72,-117.16,2025-10-16T20:00,71.9,58,16.0,0.0,1012.8,2
San Diego,32.72,-117.16,2025-10-16T21:00,72.5,55,15.9,0.0,1011.9,0
San Diego,32.72,-117.16,2025-10-16T22:00,72.4,53,15.3,0.0,1011.4,1
San Diego,32.72,-117.16,2025-10-16T23:00,71.5,55,14.5,0.0,1011.0,0
San Diego,32.72,-117.16,2025-10-17T00:00,69.7,60,11.9,0.0,1011.0,0
San Diego,32.72,-117.16,2025-10-17T01:00,67.4,64,10.0,0.0,1011.0,3
San Diego,32.72,-117.16,2025-10-17T02:00,64.9,71,6.8,0.0,1011.3,0
San Diego,32.72,-117.16,2025-10-17T03:00,62.7,73,3.1,0.0,1011.6,0
San Diego,32.72,-117.16,2025-10-17T04:00,61.4,75,3.8,0.0,1012.0,0
San Diego,32.72,-117.16,2025-10-17T05:00,60.0,75,4.1,0.0,1012.0,0
San Diego,32.72,-117.16,2025-10-17T06:00,59.2,79,6.5,0.0,1012.1,1
San Diego,32.72,-117.16,2025-10-17T07:00,58.2,87,7.0,0.0,1012.3,4
San Diego,32.72,-117.16,2025-10-17T08:00,57.6,86,8.3,0.0,1012.4,3
San Diego,32.72,-117.16,2025-10-17T09:00,57.8,80,5.8,0.0,1012.2,0
San Diego,32.72,-117.16,2025-10-17T10:00,55.9,79,6.7,0.0,1012.0,100
San Diego,32.72,-117.16,2025-10-17T11:00,58.6,79,4.3,0.0,1011.6,50
San Diego,32.72,-117.16,2025-10-17T12:00,56.2,67,5.4,0.0,1011.7,100
San Diego,32.72,-117.16,2025-10-17T13:00,58.5,67,4.8,0.0,1012.1,100
San Diego,32.72,-117.16,2025-10-17T14:00,62.2,57,3.9,0.0,1012.8,0
San Diego,32.72,-117.16,2025-10-17T15:00,60.4,67,4.0,0.0,1012.9,0
San Diego,32.72,-117.16,2025-10-17T16:00,66.1,55,2.6,0.0,1013.4,0
San Diego,32.72,-117.16,2025-10-17T17:00,71.4,50,1.6,0.0,1013.6,0
San Diego,32.72,-117.16,2025-10-17T18:00,75.2,43,5.5,0.0,1013.4,0
San Diego,32.72,-117.16,2025-10-17T19:00,77.6,41,9.4,0.0,1013.1,0
San Diego,32.72,-117.16,2025-10-17T20:00,77.2,41,15.5,0.0,1012.2,0
San Diego,32.72,-117.16,2025-10-17T21:00,73.7,56,17.1,0.0,1011.5,1
San Diego,32.72,-117.16,2025-10-17T22:00,74.3,53,17.6,0.0,1011.3,0
San Diego,32.72,-117.16,2025-10-17T23:00,74.2,52,13.8,0.0,1011.2,0
San Diego,32.72,-117.16,2025-10-18T00:00,71.5,67,14.5,0.0,1011.3,1
San Diego,32.72,-117.16,2025-10-18T01:00,69.7,69,8.4,0.0,1011.5,5
San Diego,32.72,-117.16,2025-10-18T02:00,68.1,73,1.6,0.0,1012.0,2
San Diego,32.72,-117.16,2025-10-18T03:00,67.0,71,1.8,0.0,1012.5,5
San Diego,32.72,-117.16,2025-10-18T04:00,65.5,62,6.9,0.0,1013.2,0
San Diego,32.72,-117.16,2025-10-18T05:00,62.6,69,4.9,0.0,1013.6,0
San Diego,32.72,-117.16,2025-10-18T06:00,62.2,72,8.7,0.0,1013.9,0
San Diego,32.72,-117.16,2025-10-18T07:00,60.1,79,5.6,0.0,1014.0,1
San Diego,32.72,-117.16,2025-10-18T08:00,59.4,86,4.4,0.0,1014.1,8
San Diego,32.72,-117.16,2025-10-18T09:00,58.6,89,4.9,0.0,1014.2,100
San Diego,32.72,-117.16,2025-10-18T10:00,58.4,85,4.1,0.0,1013.8,50
San Diego,32.72,-117.16,2025-10-18T11:00,58.5,77,2.4,0.0,1013.5,50
San Diego,32.72,-117.16,2025-10-18T12:00,58.0,71,4.3,0.0,1013.7,1
San Diego,32.72,-117.16,2025-10-18T13:00,58.2,52,5.7,0.0,1014.5,36
San Diego,32.72,-117.16,2025-10-18T14:00,56.2,63,7.1,0.0,1014.8,99
San Diego,32.72,-117.16,2025-10-18T15:00,61.6,63,6.4,0.0,1015.4,0
San Diego,32.72,-117.16,2025-10-18T16:00,67.5,50,3.2,0.0,1015.9,0
San Diego,32.72,-117.16,2025-10-18T17:00,72.8,41,3.1,0.0,1016.0,0
San Diego,32.72,-117.16,2025-10-18T18:00,78.7,30,2.3,0.0,1015.9,0
San Diego,32.72,-117.16,2025-10-18T19:00,83.4,31,4.7,0.0,1015.4,0
San Diego,32.72,-117.16,2025-10-18T20:00,84.7,26,10.3,0.0,1014.6,0
San Diego,32.72,-117.16,2025-10-18T21:00,80.8,34,11.0,0.0,1014.3,1
San Diego,32.72,-117.16,2025-10-18T22:00,81.2,33,10.1,0.0,1013.8,0
San Diego,32.72,-117.16,2025-10-18T23:00,82.3,28,8.5,0.0,1013.9,0
San Diego,32.72,-117.16,2025-10-19T00:00,78.3,34,7.8,0.0,1013.9,0
San Diego,32.72,-117.16,2025-10-19T01:00,75.7,43,7.2,0.0,1014.2,2
San Diego,32.72,-117.16,2025-10-19T02:00,74.5,45,2.5,0.0,1014.7,11
San Diego,32.72,-117.16,2025-10-19T03:00,70.9,46,2.3,0.0,1015.2,13
San Diego,32.72,-117.16,2025-10-19T04:00,68.6,52,4.0,0.0,1015.7,46
San Diego,32.72,-117.16,2025-10-19T05:00,68.1,55,3.0,0.0,1016.0,6
San Diego,32.72,-117.16,2025-10-19T06:00,66.4,48,3.2,0.0,1016.0,8
San Diego,32.72,-117.16,2025-10-19T07:00,64.8,49,1.8,0.0,1015.8,5
San Diego,32.72,-117.16,2025-10-19T08:00,63.9,62,0.8,0.0,1015.8,7
San Diego,32.72,-117.16,2025-10-19T09:00,62.1,67,1.3,0.0,1015.9,15
San Diego,32.72,-117.16,2025-10-19T10:00,61.9,50,8.2,0.0,1015.8,7
San Diego,32.72,-117.16,2025-10-19T11:00,61.3,48,5.4,0.0,1015.5,4
San Diego,32.72,-117.16,2025-10-19T12:00,60.4,40,3.1,0.0,1015.3,13
San Diego,32.72,-117.16,2025-10-19T13:00,58.2,50,4.7,0.0,1015.5,51
San Diego,32.72,-117.16,2025-10-19T14:00,58.7,42,8.7,0.0,1015.9,2
San Diego,32.72,-117.16,2025-10-19T15:00,60.9,43,5.8,0.0,1016.4,5
San Diego,32.72,-117.16,2025-10-19T16:00,69.7,38,4.0,0.0,1017.1,2
San Diego,32.72,-117.16,2025-10-19T17:00,73.2,30,5.8,0.0,1017.3,1
San Diego,32.72,-117.16,2025-10-19T18:00,77.7,26,6.1,0.0,1017.2,2
San Diego,32.72,-117.16,2025-10-19T19:00,79.6,21,7.9,0.0,1016.7,2
San Diego,32.72,-117.16,2025-10-19T20:00,79.2,28,10.2,0.0,1015.9,0
San Diego,32.72,-117.16,2025-10-19T21:00,80.5,25,8.0,0.0,1015.6,0
San Diego,32.72,-117.16,2025-10-19T22:00,79.4,36,11.3,0.0,1015.1,0
San Diego,32.72,-117.16,2025-10-19T23:00,77.7,46,11.5,0.0,1015.0,0
Portland,45.52,-122.68,2025-10-13T00:00,52.2,85,10.5,2.3,1008.9,100
Portland,45.52,-122.68,2025-10-13T01:00,52.2,85,3.3,0.0,1008.7,100
Portland,45.52,-122.68,2025-10-13T02:00,51.3,86,4.2,0.0,1008.0,99
Portland,45.52,-122.68,2025-10-13T03:00,49.3,89,3.5,0.0,1007.7,99
Portland,45.52,-122.68,2025-10-13T04:00,49.2,87,7.9,0.0,1007.6,99
Portland,45.52,-122.68,2025-10-13T05:00,46.5,85,10.8,0.0,1007.6,61
Portland,45.52,-122.68,2025-10-13T06:00,46.1,87,6.6,0.0,1007.3,100
Portland,45.52,-122.68,2025-10-13T07:00,44.2,87,2.7,0.0,1007.2,87
Portland,45.52,-122.68,2025-10-13T08:00,43.2,92,4.3,0.0,1007.2,19
Portland,45.52,-122.68,2025-10-13T09:00,43.2,88,2.6,0.0,1007.1,2
Portland,45.52,-122.68,2025-10-13T10:00,42.6,86,6.6,0.0,1007.1,0
Portland,45.52,-122.68,2025-10-13T11:00,42.0,94,7.7,0.0,1007.0,18
Portland,45.52,-122.68,2025-10-13T12:00,42.3,95,9.0,0.0,1007.1,69
Portland,45.52,-122.68,2025-10-13T13:00,41.9,94,8.5,0.0,1007.3,32
Portland,45.52,-122.68,2025-10-13T14:00,42.0,92,10.5,0.0,1007.8,100
Portland,45.52,-122.68,2025-10-13T15:00,43.8,90,11.2,0.0,1008.1,99
Portland,45.52,-122.68,2025-10-13T16:00,44.1,93,13.9,0.0,1008.6,14
Portland,45.52,-122.68,2025-10-13T17:00,46.7,93,14.2,0.0,1009.1,18
Portland,45.52,-122.68,2025-10-13T18:00,52.0,78,15.5,0.0,1009.3,0
Portland,45.52,-122.68,2025-10-13T19:00,54.6,75,13.0,0.0,1009.7,0
Portland,45.52,-122.68,2025-10-13T20:00,56.8,58,20.5,0.0,1010.0,0
Portland,45.52,-122.68,2025-10-13T21:00,57.4,58,19.7,0.0,1010.2,0
Portland,45.52,-122.68,2025-10-13T22:00,57.7,57,18.6,0.0,1010.4,0
Portland,45.52,-122.68,2025-10-13T23:00,56.8,60,17.0,0.0,1010.9,0
Portland,45.52,-122.68,2025-10-14T00:00,55.5,58,19.5,0.0,1011.4,0
Portland,45.52,-122.68,2025-10-14T01:00,53.1,61,13.6,0.0,1011.5,0
Portland,45.52,-122.68,2025-10-14T02:00,51.1,64,7.7,0.0,1012.2,0
Portland,45.52,-122.68,2025-10-14T03:00,50.1,61,7.1,0.0,1012.8,0
Portland,45.52,-122.68,2025-10-14T04:00,49.3,62,7.1,0.0,1013.1,0
Portland,45.52,-122.68,2025-10-14T05:00,48.0,62,7.2,0.0,1013.4,0
Portland,45.52,-122.68,2025-10-14T06:00,48.6,55,7.1,0.0,1013.5,0
Portland,45.52,-122.68,2025-10-14T07:00,45.5,74,8.9,0.0,1013.4,2
Portland,45.52,-122.68,2025-10-14T08:00,43.9,82,9.2,0.0,1013.7,0
Portland,45.52,-122.68,2025-10-14T09:00,43.8,85,8.6,0.0,1013.9,4
Portland,45.52,-122.68,2025-10-14T10:00,44.1,82,9.6,0.0,1013.8,4
Portland,45.52,-122.68,2025-10-14T11:00,44.0,80,10.4,0.0,1014.0,0
Portland,45.52,-122.68,2025-10-14T12:00,43.7,83,7.4,0.0,1014.2,1
Portland,45.52,-122.68,2025-10-14T13:00,42.9,84,9.5,0.0,1014.6,1
Portland,45.52,-122.68,2025-10-14T14:00,42.2,84,11.1,0.0,1015.1,2
Portland,45.52,-122.68,2025-10-14T15:00,42.3,82,8.2,0.0,1015.3,0
Portland,45.52,-122.68,2025-10-14T16:00,45.5,80,7.4,0.0,1015.4,0
Portland,45.52,-122.68,2025-10-14T17:00,51.0,68,12.0,0.0,1015.9,0
Portland,45.52,-122.68,2025-10-14T18:00,53.8,60,14.7,0.0,1015.5,0
Portland,45.52,-122.68,2025-10-14T19:00,56.6,55,15.6,0.0,1015.3,0
Portland,45.52,-122.68,2025-10-14T20:00,58.4,50,16.1,0.0,1015.2,0
Portland,45.52,-122.68,2025-10-14T21:00,59.1,49,16.1,0.0,1014.9,0
Portland,45.52,-122.68,2025-10-14T22:00,59.3,49,15.8,0.0,1014.6,0
Portland,45.52,-122.68,2025-10-14T23:00,58.8,49,15.9,0.0,1014.7,0
Portland,45.52,-122.68,2025-10-15T00:00,57.4,53,13.2,0.0,1014.7,0
Portland,45.52,-122.68,2025-10-15T01:00,54.8,53,10.6,0.0,1014.8,0
Portland,45.52,-122.68,2025-10-15T02:00,52.3,57,9.4,0.0,1015.2,0
Portland,45.52,-122.68,2025-10-15T03:00,50.8,59,10.2,0.0,1015.6,0
Portland,45.52,-122.68,2025-10-15T04:00,49.8,59,5.8,0.0,1015.7,0
Portland,45.52,-122.68,2025-10-15T05:00,48.1,68,6.1,0.0,1016.4,0
Portland,45.52,-122.68,2025-10-15T06:00,47.6,66,7.8,0.0,1016.4,0
Portland,45.52,-122.68,2025-10-15T07:00,46.6,64,7.1,0.0,1016.4,0
Portland,45.52,-122.68,2025-10-15T08:00,44.4,75,7.3,0.0,1016.5,0
Portland,45.52,-122.68,2025-10-15T09:00,43.4,79,8.1,0.0,1016.6,0
Portland,45.52,-122.68,2025-10-15T10:00,43.8,75,7.1,0.0,1016.4,0
Portland,45.52,-122.68,2025-10-15T11:00,42.7,78,7.9,0.0,1016.3,0
Portland,45.52,-122.68,2025-10-15T12:00,42.3,80,9.9,0.0,1016.4,0
Portland,45.52,-122.68,2025-10-15T13:00,42.2,80,11.7,0.0,1016.5,0
Portland,45.52,-122.68,2025-10-15T14:00,41.8,75,11.1,0.0,1017.0,0
Portland,45.52,-122.68,2025-10-15T15:00,41.0,76,11.1,0.0,1017.2,0
Portland,45.52,-122.68,2025-10-15T16:00,44.8,80,7.0,0.0,1017.9,0
Portland,45.52,-122.68,2025-10-15T17:00,47.9,81,4.7,0.0,1018.0,0
Portland,45.52,-122.68,2025-10-15T18:00,51.4,73,6.4,0.0,1018.2,0
Portland,45.52,-122.68,2025-10-15T19:00,54.8,68,3.3,0.0,1018.3,0
Portland,45.52,-122.68,2025-10-15T20:00,58.1,60,1.6,0.0,1018.0,1
Portland,45.52,-122.68,2025-10-15T21:00,59.7,61,1.8,0.0,1017.5,3
Portland,45.52,-122.68,2025-10-15T22:00,61.6,58,2.0,0.0,1017.3,1
Portland,45.52,-122.68,2025-10-15T23:00,62.2,58,1.9,0.0,1017.6,9
Portland,45.52,-122.68,2025-10-16T00:00,61.8,61,2.2,0.0,1017.8,99
Portland,45.52,-122.68,2025-10-16T01:00,60.8,52,1.9,0.0,1018.2,6
Portland,45.52,-122.68,2025-10-16T02:00,57.3,52,6.0,0.0,1018.5,2
Portland,45.52,-122.68,2025-10-16T03:00,53.9,59,8.0,0.0,1019.2,11
Portland,45.52,-122.68,2025-10-16T04:00,52.6,60,9.1,0.0,1019.8,0
Portland,45.52,-122.68,2025-10-16T05:00,51.2,60,5.6,0.0,1020.4,0
Portland,45.52,-122.68,2025-10-16T06:00,49.3,67,1.4,0.0,1020.6,0
Portland,45.52,-122.68,2025-10-16T07:00,47.6,68,1.1,0.0,1021.1,0
Portland,45.52,-122.68,2025-10-16T08:00,46.7,67,3.9,0.0,1021.5,0
Portland,45.52,-122.68,2025-10-16T09:00,45.0,70,2.8,0.0,1021.8,0
Portland,45.52,-122.68,2025-10-16T10:00,44.0,72,3.1,0.0,1022.0,0
Portland,45.52,-122.68,2025-10-16T11:00,43.2,80,1.3,0.0,1022.1,3
Portland,45.52,-122.68,2025-10-16T12:00,42.6,82,2.1,0.0,1022.3,7
Portland,45.52,-122.68,2025-10-16T13:00,42.1,82,2.2,0.0,1022.8,8
Portland,45.52,-122.68,2025-10-16T14:00,40.3,92,1.8,0.0,1023.3,61
Portland,45.52,-122.68,2025-10-16T15:00,40.6,96,0.5,0.0,1023.4,100
Portland,45.52,-122.68,2025-10-16T16:00,44.6,96,2.1,0.0,1023.5,50
Portland,45.52,-122.68,2025-10-16T17:00,49.2,94,2.7,0.0,1023.7,8
Portland,45.52,-122.68,2025-10-16T18:00,52.2,89,0.4,0.0,1023.7,7
Portland,45.52,-122.68,2025-10-16T19:00,54.6,82,3.1,0.0,1023.3,11
Portland,45.52,-122.68,2025-10-16T20:00,56.4,80,3.9,0.0,1022.6,56
Portland,45.52,-122.68,2025-10-16T21:00,58.2,77,3.1,0.0,1021.9,67
Portland,45.52,-122.68,2025-10-16T22:00,59.1,75,6.2,0.0,1021.9,53
Portland,45.52,-122.68,2025-10-16T23:00,61.9,67,3.3,0.0,1021.5,63
Portland,45.52,-122.68,2025-10-17T00:00,59.8,72,5.9,0.0,1021.4,100
Portland,45.52,-122.68,2025-10-17T01:00,58.5,71,5.4,0.0,1021.2,98
Portland,45.52,-122.68,2025-10-17T02:00,56.7,65,2.6,0.0,1021.1,87
Portland,45.52,-122.68,2025-10-17T03:00,55.5,71,2.7,0.0,1021.3,18
Portland,45.52,-122.68,2025-10-17T04:00,54.0,76,6.6,0.0,1021.4,53
Portland,45.52,-122.68,2025-10-17T05:00,53.9,76,6.1,0.0,1021.4,94
Portland,45.52,-122.68,2025-10-17T06:00,54.0,72,4.0,0.0,1021.1,99
Portland,45.52,-122.68,2025-10-17T07:00,53.3,81,3.3,0.0,1021.0,90
Portland,45.52,-122.68,2025-10-17T08:00,53.0,81,3.1,0.0,1020.9,77
Portland,45.52,-122.68,2025-10-17T09:00,52.4,79,2.7,0.0,1021.3,33
Portland,45.52,-122.68,2025-10-17T10:00,52.1,76,2.4,0.0,1020.7,48
Portland,45.52,-122.68,2025-10-17T11:00,53.7,79,2.4,0.0,1020.4,100
Portland,45.52,-122.68,2025-10-17T12:00,53.9,84,3.6,0.0,1020.0,100
Portland,45.52,-122.68,2025-10-17T13:00,52.8,90,4.0,0.0,1019.7,99
Portland,45.52,-122.68,2025-10-17T14:00,52.0,88,5.4,0.0,1019.9,43
Portland,45.52,-122.68,2025-10-17T15:00,52.5,89,4.7,0.0,1020.0,94
Portland,45.52,-122.68,2025-10-17T16:00,52.2,95,5.0,0.0,1020.7,100
Portland,45.52,-122.68,2025-10-17T17:00,52.7,93,3.3,0.0,1021.0,100
Portland,45.52,-122.68,2025-10-17T18:00,52.8,96,2.9,0.0,1021.4,100
Portland,45.52,-122.68,2025-10-17T19:00,54.8,91,6.5,0.0,1021.4,100
Portland,45.52,-122.68,2025-10-17T20:00,57.0,88,4.0,0.0,1021.1,100
Portland,45.52,-122.68,2025-10-17T21:00,59.5,75,5.0,0.0,1021.0,7
Portland,45.52,-122.68,2025-10-17T22:00,60.9,62,5.3,0.0,1020.8,10
Portland,45.52,-122.68,2025-10-17T23:00,61.0,61,4.3,0.0,1020.6,2
Portland,45.52,-122.68,2025-10-18T00:00,60.2,60,3.0,0.0,1020.4,21
Portland,45.52,-122.68,2025-10-18T01:00,59.9,65,1.3,0.0,1020.4,93
Portland,45.52,-122.68,2025-10-18T02:00,57.7,67,5.7,0.0,1020.5,4
Portland,45.52,-122.68,2025-10-18T03:00,54.6,73,5.4,0.0,1021.1,0
Portland,45.52,-122.68,2025-10-18T04:00,53.0,70,3.7,0.0,1021.9,0
Portland,45.52,-122.68,2025-10-18T05:00,51.3,74,2.9,0.0,1022.4,0
Portland,45.52,-122.68,2025-10-18T06:00,50.0,74,3.9,0.0,1022.6,0
Portland,45.52,-122.68,2025-10-18T07:00,48.3,79,3.6,0.0,1022.4,0
Portland,45.52,-122.68,2025-10-18T08:00,47.0,84,7.6,0.0,1022.1,1
Portland,45.52,-122.68,2025-10-18T09:00,46.4,84,7.9,0.0,1021.8,0
Portland,45.52,-122.68,2025-10-18T10:00,45.9,83,6.0,0.0,1021.5,0
Portland,45.52,-122.68,2025-10-18T11:00,45.0,88,5.6,0.0,1021.2,19
Portland,45.52,-122.68,2025-10-18T12:00,45.5,93,4.6,0.0,1021.2,76
Portland,45.52,-122.68,2025-10-18T13:00,44.2,94,4.6,0.0,1021.2,100
Portland,45.52,-122.68,2025-10-18T14:00,44.6,94,4.1,0.0,1021.0,100
Portland,45.52,-122.68,2025-10-18T15:00,44.9,96,5.1,0.0,1020.6,100
Portland,45.52,-122.68,2025-10-18T16:00,45.6,97,1.6,0.0,1020.2,100
Portland,45.52,-122.68,2025-10-18T17:00,47.7,100,3.2,0.0,1019.8,100
Portland,45.52,-122.68,2025-10-18T18:00,50.3,94,0.8,0.0,1019.0,33
Portland,45.52,-122.68,2025-10-18T19:00,53.6,86,5.1,0.0,1018.4,32
Portland,45.52,-122.68,2025-10-18T20:00,57.1,78,5.9,0.0,1017.4,80
Portland,45.52,-122.68,2025-10-18T21:00,59.2,70,4.2,0.0,1016.5,81
Portland,45.52,-122.68,2025-10-18T22:00,60.2,65,2.9,0.0,1016.0,68
Portland,45.52,-122.68,2025-10-18T23:00,59.7,72,3.1,0.0,1015.7,99
Portland,45.52,-122.68,2025-10-19T00:00,59.0,77,5.5,0.0,1014.9,74
Portland,45.52,-122.68,2025-10-19T01:00,57.3,79,2.2,0.0,1014.0,100
Portland,45.52,-122.68,2025-10-19T02:00,56.4,81,2.9,0.0,1013.7,54
Portland,45.52,-122.68,2025-10-19T03:00,54.6,89,11.3,0.0,1013.6,98
Portland,45.52,-122.68,2025-10-19T04:00,52.8,95,5.4,0.0,1012.8,100
Portland,45.52,-122.68,2025-10-19T05:00,52.2,97,11.7,0.6,1012.1,100
Portland,45.52,-122.68,2025-10-19T06:00,52.8,91,10.8,0.9,1011.6,100
Portland,45.52,-122.68,2025-10-19T07:00,52.3,83,19.2,0.0,1010.9,98
Portland,45.52,-122.68,2025-10-19T08:00,51.0,83,21.9,0.1,1011.4,100
Portland,45.52,-122.68,2025-10-19T09:00,49.9,91,5.0,3.9,1012.7,100
Portland,45.52,-122.68,2025-10-19T10:00,49.5,90,15.2,2.8,1012.9,100
Portland,45.52,-122.68,2025-10-19T11:00,49.8,90,16.6,0.1,1012.7,100
Portland,45.52,-122.68,2025-10-19T12:00,49.7,88,19.0,0.0,1013.0,100
Portland,45.52,-122.68,2025-10-19T13:00,50.5,89,19.9,0.3,1013.5,100
Portland,45.52,-122.68,2025-10-19T14:00,50.1,88,15.1,0.0,1013.8,99
Portland,45.52,-122.68,2025-10-19T15:00,51.1,89,21.7,0.0,1014.0,91
Portland,45.52,-122.68,2025-10-19T16:00,52.4,92,19.0,0.0,1014.7,99
Portland,45.52,-122.68,2025-10-19T17:00,52.8,90,20.4,0.5,1015.5,100
Portland,45.52,-122.68,2025-10-19T18:00,55.5,91,20.1,0.5,1015.9,17
Portland,45.52,-122.68,2025-10-19T19:00,58.3,85,17.5,0.0,1016.7,8
Portland,45.52,-122.68,2025-10-19T20:00,60.2,74,13.2,0.0,1017.2,7
Portland,45.52,-122.68,2025-10-19T21:00,56.6,81,16.8,0.2,1017.6,99
Portland,45.52,-122.68,2025-10-19T22:00,59.9,74,17.3,0.0,1018.5,3
Portland,45.52,-122.68,2025-10-19T23:00,59.3,66,9.4,0.0,1019.3,100
Seattle,47.61,-122.33,2025-10-13T00:00,49.5,90,4.0,0.9,1007.8,100
Seattle,47.61,-122.33,2025-10-13T01:00,48.2,86,11.3,5.4,1008.2,100
Seattle,47.61,-122.33,2025-10-13T02:00,46.0,86,9.3,0.6,1008.0,100
Seattle,47.61,-122.33,2025-10-13T03:00,46.0,87,5.6,0.5,1008.1,100
Seattle,47.61,-122.33,2025-10-13T04:00,45.7,86,4.2,0.0,1008.3,100
Seattle,47.61,-122.33,2025-10-13T05:00,44.8,90,5.5,0.0,1008.6,100
Seattle,47.61,-122.33,2025-10-13T06:00,44.4,85,6.1,0.0,1008.7,42
Seattle,47.61,-122.33,2025-10-13T07:00,42.8,86,5.1,0.0,1008.8,69
Seattle,47.61,-122.33,2025-10-13T08:00,42.6,85,6.8,0.0,1008.9,15
Seattle,47.61,-122.33,2025-10-13T09:00,42.4,86,7.0,0.0,1009.2,5
Seattle,47.61,-122.33,2025-10-13T10:00,42.4,84,8.8,0.0,1009.2,94
Seattle,47.61,-122.33,2025-10-13T11:00,43.5,80,6.9,0.0,1009.3,99
Seattle,47.61,-122.33,2025-10-13T12:00,42.8,81,11.3,0.0,1010.0,2
Seattle,47.61,-122.33,2025-10-13T13:00,42.1,87,8.0,0.0,1010.4,12
Seattle,47.61,-122.33,2025-10-13T14:00,42.2,81,8.6,0.0,1011.0,5
Seattle,47.61,-122.33,2025-10-13T15:00,42.2,81,4.3,0.0,1011.9,1
Seattle,47.61,-122.33,2025-10-13T16:00,45.1,85,6.9,0.0,1012.4,1
Seattle,47.61,-122.33,2025-10-13T17:00,48.7,74,13.8,0.0,1012.4,0
Seattle,47.61,-122.33,2025-10-13T18:00,51.2,61,15.6,0.0,1013.4,0
Seattle,47.61,-122.33,2025-10-13T19:00,53.0,58,20.5,0.0,1013.8,0
Seattle,47.61,-122.33,2025-10-13T20:00,53.9,56,21.6,0.0,1014.1,0
Seattle,47.61,-122.33,2025-10-13T21:00,53.9,55,20.2,0.0,1014.1,0
Seattle,47.61,-122.33,2025-10-13T22:00,54.5,50,20.2,0.0,1014.1,0
Seattle,47.61,-122.33,2025-10-13T23:00,52.9,52,19.1,0.0,1014.5,0
Seattle,47.61,-122.33,2025-10-14T00:00,51.9,53,15.1,0.0,1014.2,0
Seattle,47.61,-122.33,2025-10-14T01:00,49.8,58,7.9,0.0,1014.6,0
Seattle,47.61,-122.33,2025-10-14T02:00,47.8,58,6.2,0.0,1015.1,0
Seattle,47.61,-122.33,2025-10-14T03:00,46.3,62,5.1,0.0,1015.4,0
Seattle,47.61,-122.33,2025-10-14T04:00,45.5,64,5.9,0.0,1015.6,0
Seattle,47.61,-122.33,2025-10-14T05:00,44.6,65,5.5,0.0,1016.2,2
Seattle,47.61,-122.33,2025-10-14T06:00,43.6,66,9.3,0.0,1016.3,7
Seattle,47.61,-122.33,2025-10-14T07:00,43.1,67,10.7,0.0,1016.5,1
Seattle,47.61,-122.33,2025-10-14T08:00,42.2,68,8.2,0.0,1016.9,0
Seattle,47.61,-122.33,2025-10-14T09:00,40.4,75,6.5,0.0,1016.7,0
Seattle,47.61,-122.33,2025-10-14T10:00,40.4,78,7.6,0.0,1017.0,0
Seattle,47.61,-122.33,2025-10-14T11:00,40.8,75,6.9,0.0,1017.2,0
Seattle,47.61,-122.33,2025-10-14T12:00,39.8,76,7.9,0.0,1017.3,0
Seattle,47.61,-122.33,2025-10-14T13:00,38.7,80,7.5,0.0,1017.4,1
Seattle,47.61,-122.33,2025-10-14T14:00,37.8,82,5.9,0.0,1017.5,2
Seattle,47.61,-122.33,2025-10-14T15:00,37.8,82,6.5,0.0,1017.9,4
Seattle,47.61,-122.33,2025-10-14T16:00,42.2,85,5.5,0.0,1018.2,0
Seattle,47.61,-122.33,2025-10-14T17:00,47.0,77,7.1,0.0,1018.3,1
Seattle,47.61,-122.33,2025-10-14T18:00,50.1,71,7.7,0.0,1018.2,0
Seattle,47.61,-122.33,2025-10-14T19:00,53.0,61,7.3,0.0,1018.3,3
Seattle,47.61,-122.33,2025-10-14T20:00,55.5,57,7.3,0.0,1018.1,0
Seattle,47.61,-122.33,2025-10-14T21:00,56.4,56,9.4,0.0,1017.6,0
Seattle,47.61,-122.33,2025-10-14T22:00,56.6,56,9.7,0.0,1017.3,0
Seattle,47.61,-122.33,2025-10-14T23:00,56.3,59,9.0,0.0,1017.5,0
Seattle,47.61,-122.33,2025-10-15T00:00,54.8,62,8.8,0.0,1017.6,0
Seattle,47.61,-122.33,2025-10-15T01:00,51.8,63,7.2,0.0,1017.6,0
Seattle,47.61,-122.33,2025-10-15T02:00,48.3,65,4.0,0.0,1017.8,0
Seattle,47.61,-122.33,2025-10-15T03:00,46.6,65,3.5,0.0,1017.8,0
Seattle,47.61,-122.33,2025-10-15T04:00,44.9,68,4.3,0.0,1018.1,0
Seattle,47.61,-122.33,2025-10-15T05:00,44.4,59,6.7,0.0,1018.5,0
Seattle,47.61,-122.33,2025-10-15T06:00,43.2,59,4.4,0.0,1018.5,0
Seattle,47.61,-122.33,2025-10-15T07:00,41.3,68,4.0,0.0,1018.7,0
Seattle,47.61,-122.33,2025-10-15T08:00,40.4,75,7.1,0.0,1018.5,0
Seattle,47.61,-122.33,2025-10-15T09:00,39.5,74,8.9,0.0,1018.6,0
Seattle,47.61,-122.33,2025-10-15T10:00,39.0,81,8.6,0.0,1018.4,2
Seattle,47.61,-122.33,2025-10-15T11:00,38.7,79,9.0,0.0,1018.2,1
Seattle,47.61,-122.33,2025-10-15T12:00,39.1,69,5.2,0.0,1018.4,0
Seattle,47.61,-122.33,2025-10-15T13:00,38.6,77,5.8,0.0,1018.3,4
Seattle,47.61,-122.33,2025-10-15T14:00,37.0,81,8.3,0.0,1018.6,3
Seattle,47.61,-122.33,2025-10-15T15:00,37.0,83,6.7,0.0,1018.8,4
Seattle,47.61,-122.33,2025-10-15T16:00,40.8,88,3.5,0.0,1019.3,0
Seattle,47.61,-122.33,2025-10-15T17:00,45.8,87,2.4,0.0,1019.6,1
Seattle,47.61,-122.33,2025-10-15T18:00,50.3,68,3.2,0.0,1019.6,25
Seattle,47.61,-122.33,2025-10-15T19:00,52.4,69,1.8,0.0,1019.3,35
Seattle,47.61,-122.33,2025-10-15T20:00,53.5,70,4.2,0.0,1019.1,18
Seattle,47.61,-122.33,2025-10-15T21:00,55.9,61,3.4,0.0,1018.6,4
Seattle,47.61,-122.33,2025-10-15T22:00,57.0,63,3.9,0.0,1018.8,67
Seattle,47.61,-122.33,2025-10-15T23:00,57.0,59,3.8,0.0,1019.1,60
Seattle,47.61,-122.33,2025-10-16T00:00,56.0,60,3.2,0.0,1019.0,16
Seattle,47.61,-122.33,2025-10-16T01:00,53.6,55,0.5,0.0,1019.1,1
Seattle,47.61,-122.33,2025-10-16T02:00,50.4,57,4.3,0.0,1019.3,0
Seattle,47.61,-122.33,2025-10-16T03:00,47.8,63,5.4,0.0,1019.7,0
Seattle,47.61,-122.33,2025-10-16T04:00,46.6,61,1.6,0.0,1020.3,0
Seattle,47.61,-122.33,2025-10-16T05:00,45.5,65,4.2,0.0,1020.5,0
Seattle,47.61,-122.33,2025-10-16T06:00,44.4,72,5.8,0.0,1020.9,0
Seattle,47.61,-122.33,2025-10-16T07:00,43.1,75,4.8,0.0,1021.2,0
Seattle,47.61,-122.33,2025-10-16T08:00,42.2,79,3.2,0.0,1021.3,0
Seattle,47.61,-122.33,2025-10-16T09:00,40.8,81,1.8,0.0,1021.5,3
Seattle,47.61,-122.33,2025-10-16T10:00,40.1,82,4.1,0.0,1021.6,11
Seattle,47.61,-122.33,2025-10-16T11:00,40.1,76,4.5,0.0,1021.8,0
Seattle,47.61,-122.33,2025-10-16T12:00,39.6,77,7.9,0.0,1022.2,3
Seattle,47.61,-122.33,2025-10-16T13:00,38.6,85,8.6,0.0,1022.6,2
Seattle,47.61,-122.33,2025-10-16T14:00,38.3,89,6.1,0.0,1022.5,30
Seattle,47.61,-122.33,2025-10-16T15:00,38.7,82,1.0,0.0,1022.5,3
Seattle,47.61,-122.33,2025-10-16T16:00,42.2,88,1.8,0.0,1022.7,5
Seattle,47.61,-122.33,2025-10-16T17:00,46.9,87,7.2,0.0,1023.1,1
Seattle,47.61,-122.33,2025-10-16T18:00,50.4,84,6.9,0.0,1022.8,15
Seattle,47.61,-122.33,2025-10-16T19:00,52.4,79,3.4,0.0,1022.8,64
Seattle,47.61,-122.33,2025-10-16T20:00,54.2,77,6.0,0.0,1021.9,23
Seattle,47.61,-122.33,2025-10-16T21:00,54.4,78,4.6,0.0,1021.7,75
Seattle,47.61,-122.33,2025-10-16T22:00,55.5,77,3.8,0.0,1021.5,98
Seattle,47.61,-122.33,2025-10-16T23:00,55.3,79,4.4,0.0,1021.0,18
Seattle,47.61,-122.33,2025-10-17T00:00,55.1,79,1.9,0.0,1021.0,38
Seattle,47.61,-122.33,2025-10-17T01:00,54.1,75,3.6,0.0,1020.8,90
Seattle,47.61,-122.33,2025-10-17T02:00,53.7,75,6.2,0.0,1020.9,100
Seattle,47.61,-122.33,2025-10-17T03:00,52.1,80,5.4,0.0,1020.9,100
Seattle,47.61,-122.33,2025-10-17T04:00,51.6,85,6.8,0.0,1020.2,100
Seattle,47.61,-122.33,2025-10-17T05:00,51.6,85,5.4,0.0,1019.8,100
Seattle,47.61,-122.33,2025-10-17T06:00,52.0,88,5.8,0.0,1020.0,100
Seattle,47.61,-122.33,2025-10-17T07:00,51.3,86,7.9,0.0,1019.5,100
Seattle,47.61,-122.33,2025-10-17T08:00,51.6,88,11.2,0.0,1019.5,100
Seattle,47.61,-122.33,2025-10-17T09:00,51.6,89,10.1,0.0,1019.3,100
Seattle,47.61,-122.33,2025-10-17T10:00,51.8,87,8.3,0.0,1018.8,100
Seattle,47.61,-122.33,2025-10-17T11:00,52.0,86,10.0,0.0,1018.1,100
Seattle,47.61,-122.33,2025-10-17T12:00,52.1,88,8.3,0.0,1017.6,100
Seattle,47.61,-122.33,2025-10-17T13:00,52.1,89,5.9,0.0,1017.9,100
Seattle,47.61,-122.33,2025-10-17T14:00,51.5,93,5.8,0.0,1018.3,100
Seattle,47.61,-122.33,2025-10-17T15:00,50.9,90,6.9,0.2,1018.4,100
Seattle,47.61,-122.33,2025-10-17T16:00,50.5,91,8.4,0.0,1018.9,100
Seattle,47.61,-122.33,2025-10-17T17:00,50.6,92,10.2,0.0,1019.9,100
Seattle,47.61,-122.33,2025-10-17T18:00,51.6,84,4.2,0.0,1020.4,100
Seattle,47.61,-122.33,2025-10-17T19:00,53.8,86,10.6,0.0,1020.5,64
Seattle,47.61,-122.33,2025-10-17T20:00,55.4,82,6.6,0.0,1020.8,2
Seattle,47.61,-122.33,2025-10-17T21:00,56.9,75,5.6,0.0,1020.5,17
Seattle,47.61,-122.33,2025-10-17T22:00,56.9,72,7.0,0.0,1020.3,11
Seattle,47.61,-122.33,2025-10-17T23:00,54.9,80,3.7,0.0,1020.7,100
Seattle,47.61,-122.33,2025-10-18T00:00,56.0,75,1.5,0.0,1020.5,27
Seattle,47.61,-122.33,2025-10-18T01:00,54.3,69,2.6,0.0,1020.5,48
Seattle,47.61,-122.33,2025-10-18T02:00,52.0,76,8.6,0.0,1020.7,61
Seattle,47.61,-122.33,2025-10-18T03:00,49.7,78,8.2,0.0,1021.3,50
Seattle,47.61,-122.33,2025-10-18T04:00,49.2,77,9.6,0.0,1021.8,42
Seattle,47.61,-122.33,2025-10-18T05:00,48.7,79,12.2,0.0,1022.3,45
Seattle,47.61,-122.33,2025-10-18T06:00,47.9,78,9.9,0.0,1022.4,16
Seattle,47.61,-122.33,2025-10-18T07:00,46.9,84,9.0,0.0,1022.3,100
Seattle,47.61,-122.33,2025-10-18T08:00,46.2,88,7.9,0.0,1022.3,100
Seattle,47.61,-122.33,2025-10-18T09:00,45.9,84,5.7,0.0,1022.3,12
Seattle,47.61,-122.33,2025-10-18T10:00,45.2,81,3.2,0.0,1022.2,14
Seattle,47.61,-122.33,2025-10-18T11:00,44.6,81,3.0,0.0,1021.7,98
Seattle,47.61,-122.33,2025-10-18T12:00,45.1,82,1.5,0.0,1021.7,60
Seattle,47.61,-122.33,2025-10-18T13:00,44.1,84,3.5,0.0,1021.4,98
Seattle,47.61,-122.33,2025-10-18T14:00,44.2,86,4.8,0.0,1020.9,87
Seattle,47.61,-122.33,2025-10-18T15:00,44.4,86,4.6,0.0,1020.5,90
Seattle,47.61,-122.33,2025-10-18T16:00,46.8,95,5.8,0.0,1019.7,99
Seattle,47.61,-122.33,2025-10-18T17:00,49.0,89,7.4,0.0,1018.9,100
Seattle,47.61,-122.33,2025-10-18T18:00,49.4,89,5.4,0.0,1018.0,100
Seattle,47.61,-122.33,2025-10-18T19:00,50.4,85,6.6,0.0,1017.8,98
Seattle,47.61,-122.33,2025-10-18T20:00,51.7,86,5.3,0.0,1016.8,99
Seattle,47.61,-122.33,2025-10-18T21:00,51.1,81,4.8,0.0,1016.3,100
Seattle,47.61,-122.33,2025-10-18T22:00,50.6,77,7.4,0.0,1015.8,100
Seattle,47.61,-122.33,2025-10-18T23:00,50.2,78,11.2,0.4,1015.9,100
Seattle,47.61,-122.33,2025-10-19T00:00,50.1,85,8.6,0.7,1015.0,100
Seattle,47.61,-122.33,2025-10-19T01:00,50.2,86,4.0,0.4,1013.6,100
Seattle,47.61,-122.33,2025-10-19T02:00,49.5,84,8.4,0.2,1012.2,100
Seattle,47.61,-122.33,2025-10-19T03:00,49.1,92,10.5,0.0,1010.9,100
Seattle,47.61,-122.33,2025-10-19T04:00,49.3,88,8.8,0.0,1009.4,99
Seattle,47.61,-122.33,2025-10-19T05:00,49.4,91,6.6,0.4,1008.6,100
Seattle,47.61,-122.33,2025-10-19T06:00,49.2,94,4.9,1.7,1008.0,100
Seattle,47.61,-122.33,2025-10-19T07:00,49.2,94,9.5,2.6,1008.0,100
Seattle,47.61,-122.33,2025-10-19T08:00,49.9,88,21.2,0.4,1006.8,98
Seattle,47.61,-122.33,2025-10-19T09:00,50.5,89,22.2,0.0,1007.4,100
Seattle,47.61,-122.33,2025-10-19T10:00,50.6,89,25.9,0.0,1007.6,100
Seattle,47.61,-122.33,2025-10-19T11:00,49.9,87,15.3,0.0,1007.7,25
Seattle,47.61,-122.33,2025-10-19T12:00,49.8,91,18.8,0.0,1007.6,99
Seattle,47.61,-122.33,2025-10-19T13:00,50.9,87,22.7,2.5,1007.2,99
Seattle,47.61,-122.33,2025-10-19T14:00,49.8,86,25.6,0.0,1007.9,99
Seattle,47.61,-122.33,2025-10-19T15:00,49.8,86,19.3,0.2,1008.3,100
Seattle,47.61,-122.33,2025-10-19T16:00,50.8,84,22.3,0.1,1008.7,100
Seattle,47.61,-122.33,2025-10-19T17:00,50.8,84,26.1,1.4,1008.9,99
Seattle,47.61,-122.33,2025-10-19T18:00,53.0,90,28.6,0.1,1009.2,100
Seattle,47.61,-122.33,2025-10-19T19:00,54.4,86,25.6,0.0,1009.6,100
Seattle,47.61,-122.33,2025-10-19T20:00,56.6,84,28.2,0.0,1010.3,4
Seattle,47.61,-122.33,2025-10-19T21:00,56.2,75,23.2,0.0,1011.0,99
Seattle,47.61,-122.33,2025-10-19T22:00,56.6,72,15.4,0.0,1011.9,100
Seattle,47.61,-122.33,2025-10-19T23:00,56.3,68,18.5,0.0,1013.0,100
Denver,39.74,-104.99,2025-10-13T00:00,65.4,21,15.3,0.0,1004.9,0
Denver,39.74,-104.99,2025-10-13T01:00,58.9,19,7.1,0.0,1006.8,5
Denver,39.74,-104.99,2025-10-13T02:00,54.6,25,12.3,0.0,1009.4,19
Denver,39.74,-104.99,2025-10-13T03:00,52.6,26,6.0,0.0,1012.3,8
Denver,39.74,-104.99,2025-10-13T04:00,50.2,27,9.8,0.0,1013.9,99
Denver,39.74,-104.99,2025-10-13T05:00,48.7,30,8.0,0.0,1015.7,5
Denver,39.74,-104.99,2025-10-13T06:00,48.3,32,1.8,0.0,1016.2,0
Denver,39.74,-104.99,2025-10-13T07:00,47.4,29,5.4,0.0,1016.4,21
Denver,39.74,-104.99,2025-10-13T08:00,43.8,44,8.1,0.0,1016.1,2
Denver,39.74,-104.99,2025-10-13T09:00,42.3,53,5.1,0.0,1015.8,0
Denver,39.74,-104.99,2025-10-13T10:00,41.7,53,6.1,0.0,1015.4,0
Denver,39.74,-104.99,2025-10-13T11:00,40.3,55,9.8,0.0,1015.8,0
Denver,39.74,-104.99,2025-10-13T12:00,38.3,56,6.6,0.0,1016.5,0
Denver,39.74,-104.99,2025-10-13T13:00,37.8,56,3.1,0.0,1016.5,0
Denver,39.74,-104.99,2025-10-13T14:00,40.1,46,6.5,0.0,1016.6,0
Denver,39.74,-104.99,2025-10-13T15:00,48.3,38,13.5,0.0,1017.1,98
Denver,39.74,-104.99,2025-10-13T16:00,52.3,32,13.1,0.0,1017.0,100
Denver,39.74,-104.99,2025-10-13T17:00,53.6,33,18.8,0.0,1016.9,99
Denver,39.74,-104.99,2025-10-13T18:00,53.6,41,19.9,0.0,1017.0,100
Denver,39.74,-104.99,2025-10-13T19:00,52.7,54,13.2,0.0,1014.9,98
Denver,39.74,-104.99,2025-10-13T20:00,56.0,53,17.1,0.0,1013.8,44
Denver,39.74,-104.99,2025-10-13T21:00,57.2,38,11.0,0.0,1012.7,99
Denver,39.74,-104.99,2025-10-13T22:00,60.8,35,4.7,0.0,1012.1,5
Denver,39.74,-104.99,2025-10-13T23:00,60.7,41,9.3,0.0,1012.2,13
Denver,39.74,-104.99,2025-10-14T00:00,58.2,41,4.0,0.0,1012.7,32
Denver,39.74,-104.99,2025-10-14T01:00,55.1,43,7.4,0.0,1012.9,97
Denver,39.74,-104.99,2025-10-14T02:00,49.8,77,5.4,0.0,1013.4,98
Denver,39.74,-104.99,2025-10-14T03:00,47.9,78,8.5,0.0,1012.9,98
Denver,39.74,-104.99,2025-10-14T04:00,47.5,71,3.5,0.0,1012.2,99
Denver,39.74,-104.99,2025-10-14T05:00,46.7,66,2.8,0.0,1011.6,99
Denver,39.74,-104.99,2025-10-14T06:00,45.7,81,4.6,0.0,1010.8,99
Denver,39.74,-104.99,2025-10-14T07:00,47.9,71,6.9,0.0,1009.4,99
Denver,39.74,-104.99,2025-10-14T08:00,47.4,74,9.2,0.0,1008.6,99
Denver,39.74,-104.99,2025-10-14T09:00,46.6,76,4.2,0.0,1010.1,100
Denver,39.74,-104.99,2025-10-14T10:00,45.9,82,2.6,0.0,1010.1,100
Denver,39.74,-104.99,2025-10-14T11:00,45.6,84,4.2,0.0,1010.1,100
Denver,39.74,-104.99,2025-10-14T12:00,45.0,89,1.3,0.0,1009.7,99
Denver,39.74,-104.99,2025-10-14T13:00,44.0,88,3.8,0.0,1009.7,4
Denver,39.74,-104.99,2025-10-14T14:00,44.2,92,4.0,0.0,1009.8,1
Denver,39.74,-104.99,2025-10-14T15:00,48.0,88,1.0,0.0,1010.6,95
Denver,39.74,-104.99,2025-10-14T16:00,52.8,76,6.8,0.0,1010.2,59
Denver,39.74,-104.99,2025-10-14T17:00,57.7,61,7.3,0.0,1010.2,3
Denver,39.74,-104.99,2025-10-14T18:00,62.7,54,9.4,0.0,1009.9,0
Denver,39.74,-104.99,2025-10-14T19:00,67.0,45,9.5,0.0,1009.0,0
Denver,39.74,-104.99,2025-10-14T20:00,72.3,39,5.3,0.0,1008.1,0
Denver,39.74,-104.99,2025-10-14T21:00,78.1,28,1.1,0.0,1006.9,0
Denver,39.74,-104.99,2025-10-14T22:00,79.2,22,4.0,0.0,1006.5,0
Denver,39.74,-104.99,2025-10-14T23:00,73.7,35,18.1,0.0,1006.5,5
Denver,39.74,-104.99,2025-10-15T00:00,69.9,33,13.3,0.0,1007.2,0
Denver,39.74,-104.99,2025-10-15T01:00,63.3,42,6.2,0.0,1008.2,4
Denver,39.74,-104.99,2025-10-15T02:00,59.2,51,2.9,0.0,1009.0,0
Denver,39.74,-104.99,2025-10-15T03:00,56.3,59,5.2,0.0,1009.6,0
Denver,39.74,-104.99,2025-10-15T04:00,54.2,65,9.4,0.0,1009.7,0
Denver,39.74,-104.99,2025-10-15T05:00,51.8,75,1.5,0.0,1009.4,0
Denver,39.74,-104.99,2025-10-15T06:00,51.6,75,4.5,0.0,1009.2,0
Denver,39.74,-104.99,2025-10-15T07:00,50.2,73,5.5,0.0,1008.6,0
Denver,39.74,-104.99,2025-10-15T08:00,48.6,78,4.3,0.0,1009.2,0
Denver,39.74,-104.99,2025-10-15T09:00,47.5,77,1.8,0.0,1009.1,0
Denver,39.74,-104.99,2025-10-15T10:00,47.4,77,6.2,0.0,1008.6,0
Denver,39.74,-104.99,2025-10-15T11:00,47.0,77,1.9,0.0,1008.9,0
Denver,39.74,-104.99,2025-10-15T12:00,46.3,77,2.3,0.0,1008.7,0
Denver,39.74,-104.99,2025-10-15T13:00,44.5,81,6.4,0.0,1008.5,0
Denver,39.74,-104.99,2025-10-15T14:00,46.1,86,3.2,0.0,1008.2,4
Denver,39.74,-104.99,2025-10-15T15:00,52.8,76,6.6,0.0,1008.5,10
Denver,39.74,-104.99,2025-10-15T16:00,55.8,78,7.3,0.0,1007.7,7
Denver,39.74,-104.99,2025-10-15T17:00,59.3,70,11.3,0.0,1006.7,3
Denver,39.74,-104.99,2025-10-15T18:00,63.6,60,12.0,0.0,1005.3,3
Denver,39.74,-104.99,2025-10-15T19:00,67.8,52,16.8,0.0,1002.9,1
Denver,39.74,-104.99,2025-10-15T20:00,71.5,48,16.7,0.0,1001.1,4
Denver,39.74,-104.99,2025-10-15T21:00,70.6,57,15.6,0.0,1000.1,68
Denver,39.74,-104.99,2025-10-15T22:00,71.0,55,9.4,0.0,999.4,6
Denver,39.74,-104.99,2025-10-15T23:00,70.4,53,8.6,0.0,997.9,0
Denver,39.74,-104.99,2025-10-16T00:00,65.4,66,8.6,0.0,997.4,0
Denver,39.74,-104.99,2025-10-16T01:00,61.0,74,1.5,0.0,997.8,98
Denver,39.74,-104.99,2025-10-16T02:00,59.8,84,12.8,0.0,999.8,99
Denver,39.74,-104.99,2025-10-16T03:00,62.0,51,14.5,0.0,1000.4,99
Denver,39.74,-104.99,2025-10-16T04:00,64.5,48,18.5,0.0,1000.0,99
Denver,39.74,-104.99,2025-10-16T05:00,63.1,46,11.9,0.0,1000.2,100
Denver,39.74,-104.99,2025-10-16T06:00,60.9,52,11.2,0.0,999.6,98
Denver,39.74,-104.99,2025-10-16T07:00,61.0,44,14.5,0.0,999.7,7
Denver,39.74,-104.99,2025-10-16T08:00,59.7,46,12.6,0.0,1000.5,0
Denver,39.74,-104.99,2025-10-16T09:00,56.6,52,8.0,0.0,1000.8,0
Denver,39.74,-104.99,2025-10-16T10:00,54.6,61,6.9,0.0,1000.4,0
Denver,39.74,-104.99,2025-10-16T11:00,52.4,74,10.8,0.0,1000.5,0
Denver,39.74,-104.99,2025-10-16T12:00,50.7,75,5.0,0.0,1001.6,1
Denver,39.74,-104.99,2025-10-16T13:00,48.9,79,2.3,0.0,1002.7,2
Denver,39.74,-104.99,2025-10-16T14:00,49.1,84,1.8,0.0,1003.2,0
Denver,39.74,-104.99,2025-10-16T15:00,54.7,89,12.1,0.0,1004.7,6
Denver,39.74,-104.99,2025-10-16T16:00,57.3,92,10.0,0.0,1004.5,71
Denver,39.74,-104.99,2025-10-16T17:00,62.7,68,11.2,0.0,1003.9,2
Denver,39.74,-104.99,2025-10-16T18:00,66.1,50,13.0,0.0,1003.1,0
Denver,39.74,-104.99,2025-10-16T19:00,69.5,29,10.2,0.0,1001.5,0
Denver,39.74,-104.99,2025-10-16T20:00,71.1,27,14.6,0.0,1000.1,3
Denver,39.74,-104.99,2025-10-16T21:00,71.2,31,9.4,0.0,1000.1,0
Denver,39.74,-104.99,2025-10-16T22:00,68.5,39,31.3,0.0,1001.0,0
Denver,39.74,-104.99,2025-10-16T23:00,68.2,23,16.9,0.0,1002.2,99
Denver,39.74,-104.99,2025-10-17T00:00,64.8,24,11.8,0.0,1003.0,67
Denver,39.74,-104.99,2025-10-17T01:00,60.2,21,3.6,0.0,1003.6,94
Denver,39.74,-104.99,2025-10-17T02:00,55.8,25,9.8,0.0,1004.6,0
Denver,39.74,-104.99,2025-10-17T03:00,53.7,27,8.7,0.0,1006.3,22
Denver,39.74,-104.99,2025-10-17T04:00,53.0,35,4.6,0.0,1008.0,0
Denver,39.74,-104.99,2025-10-17T05:00,53.5,35,10.3,0.0,1008.5,0
Denver,39.74,-104.99,2025-10-17T06:00,51.0,57,10.8,0.0,1009.2,0
Denver,39.74,-104.99,2025-10-17T07:00,47.7,69,11.7,0.0,1009.7,0
Denver,39.74,-104.99,2025-10-17T08:00,47.0,76,9.7,0.0,1010.0,0
Denver,39.74,-104.99,2025-10-17T09:00,46.2,64,7.4,0.0,1010.6,0
Denver,39.74,-104.99,2025-10-17T10:00,44.1,78,7.9,0.0,1010.1,0
Denver,39.74,-104.99,2025-10-17T11:00,43.7,73,9.0,0.0,1009.6,0
Denver,39.74,-104.99,2025-10-17T12:00,41.7,72,7.4,0.0,1009.8,0
Denver,39.74,-104.99,2025-10-17T13:00,41.5,61,9.8,0.0,1009.5,0
Denver,39.74,-104.99,2025-10-17T14:00,41.0,75,3.9,0.0,1009.7,0
Denver,39.74,-104.99,2025-10-17T15:00,48.0,58,4.4,0.0,1009.8,0
Denver,39.74,-104.99,2025-10-17T16:00,54.9,41,8.4,0.0,1009.8,0
Denver,39.74,-104.99,2025-10-17T17:00,60.2,28,4.8,0.0,1008.7,0
Denver,39.74,-104.99,2025-10-17T18:00,64.2,21,6.1,0.0,1008.2,0
Denver,39.74,-104.99,2025-10-17T19:00,66.0,20,3.9,0.0,1007.3,0
Denver,39.74,-104.99,2025-10-17T20:00,67.2,18,5.2,0.0,1006.1,0
Denver,39.74,-104.99,2025-10-17T21:00,67.6,15,15.7,0.0,1005.2,0
Denver,39.74,-104.99,2025-10-17T22:00,67.2,17,12.1,0.0,1005.0,0
Denver,39.74,-104.99,2025-10-17T23:00,66.0,20,8.9,0.0,1004.8,0
Denver,39.74,-104.99,2025-10-18T00:00,62.6,22,3.3,0.0,1005.0,0
Denver,39.74,-104.99,2025-10-18T01:00,57.3,25,6.5,0.0,1004.9,5
Denver,39.74,-104.99,2025-10-18T02:00,54.9,27,3.2,0.0,1006.0,0
Denver,39.74,-104.99,2025-10-18T03:00,51.7,33,7.3,0.0,1006.4,0
Denver,39.74,-104.99,2025-10-18T04:00,50.0,34,7.4,0.0,1006.6,0
Denver,39.74,-104.99,2025-10-18T05:00,47.4,40,7.1,0.0,1006.7,0
Denver,39.74,-104.99,2025-10-18T06:00,46.6,44,14.6,0.0,1006.5,0
Denver,39.74,-104.99,2025-10-18T07:00,46.0,46,10.8,0.0,1005.4,0
Denver,39.74,-104.99,2025-10-18T08:00,43.9,60,10.2,0.0,1005.2,0
Denver,39.74,-104.99,2025-10-18T09:00,46.5,36,11.2,0.0,1004.9,2
Denver,39.74,-104.99,2025-10-18T10:00,46.1,34,2.3,0.0,1004.2,98
Denver,39.74,-104.99,2025-10-18T11:00,49.1,33,13.3,0.0,1004.4,94
Denver,39.74,-104.99,2025-10-18T12:00,50.9,35,12.5,0.0,1006.9,99
Denver,39.74,-104.99,2025-10-18T13:00,50.2,36,9.4,0.0,1008.4,56
Denver,39.74,-104.99,2025-10-18T14:00,49.8,35,4.5,0.0,1010.1,1
Denver,39.74,-104.99,2025-10-18T15:00,57.0,31,25.4,0.0,1011.4,0
Denver,39.74,-104.99,2025-10-18T16:00,60.6,27,20.5,0.0,1011.9,0
Denver,39.74,-104.99,2025-10-18T17:00,63.5,23,24.3,0.0,1012.9,0
Denver,39.74,-104.99,2025-10-18T18:00,63.9,21,32.8,0.0,1014.6,0
Denver,39.74,-104.99,2025-10-18T19:00,52.5,46,27.9,0.0,1016.5,2
Denver,39.74,-104.99,2025-10-18T20:00,51.2,53,17.6,0.0,1016.5,2
Denver,39.74,-104.99,2025-10-18T21:00,52.4,50,14.0,0.0,1016.2,4
Denver,39.74,-104.99,2025-10-18T22:00,51.5,51,12.8,0.0,1016.4,6
Denver,39.74,-104.99,2025-10-18T23:00,50.7,47,14.1,0.0,1016.1,49
Denver,39.74,-104.99,2025-10-19T00:00,48.5,45,9.5,0.0,1017.1,8
Denver,39.74,-104.99,2025-10-19T01:00,45.4,50,7.0,0.0,1017.8,0
Denver,39.74,-104.99,2025-10-19T02:00,43.8,40,3.4,0.0,1018.3,0
Denver,39.74,-104.99,2025-10-19T03:00,40.7,46,3.2,0.0,1018.7,0
Denver,39.74,-104.99,2025-10-19T04:00,38.4,60,4.7,0.0,1018.2,0
Denver,39.74,-104.99,2025-10-19T05:00,37.0,65,5.2,0.0,1017.8,0
Denver,39.74,-104.99,2025-10-19T06:00,35.9,62,3.3,0.0,1016.9,0
Denver,39.74,-104.99,2025-10-19T07:00,34.6,69,5.1,0.0,1015.3,0
Denver,39.74,-104.99,2025-10-19T08:00,33.3,69,4.8,0.0,1013.7,0
Denver,39.74,-104.99,2025-10-19T09:00,32.2,79,5.4,0.0,1012.7,0
Denver,39.74,-104.99,2025-10-19T10:00,32.0,81,3.7,0.0,1011.7,1
Denver,39.74,-104.99,2025-10-19T11:00,32.1,77,3.1,0.0,1011.3,1
Denver,39.74,-104.99,2025-10-19T12:00,31.5,72,3.3,0.0,1011.3,1
Denver,39.74,-104.99,2025-10-19T13:00,31.3,76,10.3,0.0,1010.2,20
Denver,39.74,-104.99,2025-10-19T14:00,32.1,91,6.2,0.0,1009.2,20
Denver,39.74,-104.99,2025-10-19T15:00,39.6,84,2.0,0.0,1008.9,10
Denver,39.74,-104.99,2025-10-19T16:00,52.4,51,6.5,0.0,1008.6,55
Denver,39.74,-104.99,2025-10-19T17:00,58.7,41,7.2,0.0,1007.7,100
Denver,39.74,-104.99,2025-10-19T18:00,65.4,25,1.1,0.0,1007.0,100
Denver,39.74,-104.99,2025-10-19T19:00,69.0,18,1.3,0.0,1005.3,100
Denver,39.74,-104.99,2025-10-19T20:00,72.5,16,4.1,0.0,1003.6,100
Denver,39.74,-104.99,2025-10-19T21:00,76.3,11,11.1,0.0,1002.2,100
Denver,39.74,-104.99,2025-10-19T22:00,78.4,11,9.4,0.0,1001.0,99
Denver,39.74,-104.99,2025-10-19T23:00,77.5,12,6.4,0.0,1000.5,0
Phoenix,33.45,-112.07,2025-10-13T00:00,77.2,74,2.8,0.0,1002.5,98
Phoenix,33.45,-112.07,2025-10-13T01:00,76.1,74,1.6,0.0,1002.7,100
Phoenix,33.45,-112.07,2025-10-13T02:00,75.9,82,3.7,0.0,1003.0,100
Phoenix,33.45,-112.07,2025-10-13T03:00,74.5,89,5.1,0.0,1003.5,100
Phoenix,33.45,-112.07,2025-10-13T04:00,74.7,90,4.4,0.0,1003.7,100
Phoenix,33.45,-112.07,2025-10-13T05:00,73.7,88,11.9,0.0,1004.4,100
Phoenix,33.45,-112.07,2025-10-13T06:00,73.0,90,11.2,0.0,1004.4,100
Phoenix,33.45,-112.07,2025-10-13T07:00,72.0,88,9.5,0.0,1004.2,46
Phoenix,33.45,-112.07,2025-10-13T08:00,71.6,90,7.6,0.0,1004.3,99
Phoenix,33.45,-112.07,2025-10-13T09:00,70.7,90,7.6,0.0,1004.3,26
Phoenix,33.45,-112.07,2025-10-13T10:00,70.9,89,10.1,0.0,1003.8,4
Phoenix,33.45,-112.07,2025-10-13T11:00,70.9,91,8.4,0.0,1003.9,100
Phoenix,33.45,-112.07,2025-10-13T12:00,71.7,88,8.8,0.0,1003.9,100
Phoenix,33.45,-112.07,2025-10-13T13:00,70.9,89,6.8,0.0,1004.5,13
Phoenix,33.45,-112.07,2025-10-13T14:00,70.9,90,7.5,0.0,1004.7,59
Phoenix,33.45,-112.07,2025-10-13T15:00,72.8,88,7.9,0.0,1005.3,71
Phoenix,33.45,-112.07,2025-10-13T16:00,74.3,88,7.5,0.0,1005.7,100
Phoenix,33.45,-112.07,2025-10-13T17:00,76.9,82,9.7,0.0,1005.7,100
Phoenix,33.45,-112.07,2025-10-13T18:00,78.9,70,8.8,0.0,1005.1,99
Phoenix,33.45,-112.07,2025-10-13T19:00,79.2,65,6.3,0.2,1004.5,100
Phoenix,33.45,-112.07,2025-10-13T20:00,82.9,52,12.5,0.0,1003.4,100
Phoenix,33.45,-112.07,2025-10-13T21:00,74.7,86,9.2,0.0,1003.1,100
Phoenix,33.45,-112.07,2025-10-13T22:00,77.0,75,14.3,0.0,1003.5,100
Phoenix,33.45,-112.07,2025-10-13T23:00,78.7,77,13.6,0.0,1003.7,100
Phoenix,33.45,-112.07,2025-10-14T00:00,80.1,67,4.3,0.0,1003.5,15
Phoenix,33.45,-112.07,2025-10-14T01:00,79.9,69,2.4,0.0,1003.9,94
Phoenix,33.45,-112.07,2025-10-14T02:00,78.6,63,5.4,0.0,1004.6,11
Phoenix,33.45,-112.07,2025-10-14T03:00,76.9,77,2.3,0.0,1006.0,100
Phoenix,33.45,-112.07,2025-10-14T04:00,74.8,68,4.0,0.0,1006.6,100
Phoenix,33.45,-112.07,2025-10-14T05:00,75.9,63,3.8,0.0,1007.3,100
Phoenix,33.45,-112.07,2025-10-14T06:00,76.3,66,5.0,0.0,1008.1,100
Phoenix,33.45,-112.07,2025-10-14T07:00,75.6,56,4.3,0.0,1008.6,100
Phoenix,33.45,-112.07,2025-10-14T08:00,72.0,60,2.9,0.0,1009.1,0
Phoenix,33.45,-112.07,2025-10-14T09:00,72.0,68,5.4,0.0,1009.3,99
Phoenix,33.45,-112.07,2025-10-14T10:00,70.0,67,3.1,0.0,1009.1,42
Phoenix,33.45,-112.07,2025-10-14T11:00,69.3,67,3.7,0.0,1009.5,0
Phoenix,33.45,-112.07,2025-10-14T12:00,68.5,65,6.0,0.0,1009.9,0
Phoenix,33.45,-112.07,2025-10-14T13:00,67.2,75,4.3,0.0,1010.5,0
Phoenix,33.45,-112.07,2025-10-14T14:00,67.9,75,1.5,0.0,1011.2,0
Phoenix,33.45,-112.07,2025-10-14T15:00,70.5,71,2.3,0.0,1011.9,0
Phoenix,33.45,-112.07,2025-10-14T16:00,73.2,58,10.1,0.0,1012.1,0
Phoenix,33.45,-112.07,2025-10-14T17:00,75.7,54,13.4,0.0,1012.3,0
Phoenix,33.45,-112.07,2025-10-14T18:00,78.6,49,11.5,0.0,1012.1,1
Phoenix,33.45,-112.07,2025-10-14T19:00,80.8,44,12.6,0.0,1011.8,13
Phoenix,33.45,-112.07,2025-10-14T20:00,82.7,37,13.7,0.0,1011.0,0
Phoenix,33.45,-112.07,2025-10-14T21:00,84.4,32,17.7,0.0,1010.4,0
Phoenix,33.45,-112.07,2025-10-14T22:00,85.3,24,19.5,0.0,1010.2,0
Phoenix,33.45,-112.07,2025-10-14T23:00,85.7,25,15.1,0.0,1010.1,1
Phoenix,33.45,-112.07,2025-10-15T00:00,83.7,27,15.0,0.0,1010.0,4
Phoenix,33.45,-112.07,2025-10-15T01:00,79.8,30,11.1,0.0,1010.0,0
Phoenix,33.45,-112.07,2025-10-15T02:00,78.2,33,10.5,0.0,1010.7,0
Phoenix,33.45,-112.07,2025-10-15T03:00,74.9,38,8.8,0.0,1011.2,0
Phoenix,33.45,-112.07,2025-10-15T04:00,74.0,38,4.4,0.0,1011.4,0
Phoenix,33.45,-112.07,2025-10-15T05:00,72.0,38,2.8,0.0,1011.6,0
Phoenix,33.45,-112.07,2025-10-15T06:00,71.0,41,3.6,0.0,1011.5,0
Phoenix,33.45,-112.07,2025-10-15T07:00,70.1,41,4.9,0.0,1011.8,17
Phoenix,33.45,-112.07,2025-10-15T08:00,68.1,60,2.7,0.0,1011.7,99
Phoenix,33.45,-112.07,2025-10-15T09:00,68.2,60,1.5,0.0,1011.9,4
Phoenix,33.45,-112.07,2025-10-15T10:00,65.9,68,4.2,0.0,1011.6,0
Phoenix,33.45,-112.07,2025-10-15T11:00,66.4,62,3.9,0.0,1011.6,0
Phoenix,33.45,-112.07,2025-10-15T12:00,66.4,56,1.9,0.0,1011.8,0
Phoenix,33.45,-112.07,2025-10-15T13:00,65.0,64,4.6,0.0,1012.0,9
Phoenix,33.45,-112.07,2025-10-15T14:00,65.4,64,4.3,0.0,1012.1,6
Phoenix,33.45,-112.07,2025-10-15T15:00,66.9,68,4.0,0.0,1012.4,1
Phoenix,33.45,-112.07,2025-10-15T16:00,69.5,62,2.6,0.0,1012.5,0
Phoenix,33.45,-112.07,2025-10-15T17:00,71.8,55,2.9,0.0,1012.6,11
Phoenix,33.45,-112.07,2025-10-15T18:00,75.4,52,1.0,0.0,1012.3,9
Phoenix,33.45,-112.07,2025-10-15T19:00,77.8,42,1.8,0.0,1011.9,6
Phoenix,33.45,-112.07,2025-10-15T20:00,77.9,40,7.6,0.0,1010.9,2
Phoenix,33.45,-112.07,2025-10-15T21:00,78.4,38,8.6,0.0,1010.1,6
Phoenix,33.45,-112.07,2025-10-15T22:00,78.1,37,10.8,0.0,1009.9,6
Phoenix,33.45,-112.07,2025-10-15T23:00,78.1,38,10.3,0.0,1009.9,0
Phoenix,33.45,-112.07,2025-10-16T00:00,77.2,34,12.4,0.0,1009.8,0
Phoenix,33.45,-112.07,2025-10-16T01:00,74.3,35,7.1,0.0,1009.8,0
Phoenix,33.45,-112.07,2025-10-16T02:00,72.5,40,6.5,0.0,1009.9,0
Phoenix,33.45,-112.07,2025-10-16T03:00,71.8,42,5.1,0.0,1010.1,0
Phoenix,33.45,-112.07,2025-10-16T04:00,71.0,43,3.3,0.0,1010.6,0
Phoenix,33.45,-112.07,2025-10-16T05:00,69.2,51,5.1,0.0,1010.9,0
Phoenix,33.45,-112.07,2025-10-16T06:00,67.2,60,5.6,0.0,1010.7,0
Phoenix,33.45,-112.07,2025-10-16T07:00,65.5,58,7.7,0.0,1010.9,0
Phoenix,33.45,-112.07,2025-10-16T08:00,62.9,65,6.8,0.0,1010.9,0
Phoenix,33.45,-112.07,2025-10-16T09:00,61.4,69,6.8,0.0,1010.7,0
Phoenix,33.45,-112.07,2025-10-16T10:00,60.5,67,7.6,0.0,1010.5,0
Phoenix,33.45,-112.07,2025-10-16T11:00,60.5,63,4.5,0.0,1010.1,0
Phoenix,33.45,-112.07,2025-10-16T12:00,59.8,64,5.0,0.0,1010.3,0
Phoenix,33.45,-112.07,2025-10-16T13:00,60.1,59,4.7,0.0,1010.5,0
Phoenix,33.45,-112.07,2025-10-16T14:00,60.1,60,3.9,0.0,1010.7,0
Phoenix,33.45,-112.07,2025-10-16T15:00,62.1,62,4.7,0.0,1011.4,0
Phoenix,33.45,-112.07,2025-10-16T16:00,66.0,58,1.3,0.0,1011.7,0
Phoenix,33.45,-112.07,2025-10-16T17:00,70.3,52,1.8,0.0,1011.4,0
Phoenix,33.45,-112.07,2025-10-16T18:00,74.5,43,1.5,0.0,1011.2,1
Phoenix,33.45,-112.07,2025-10-16T19:00,77.2,37,2.8,0.0,1010.9,0
Phoenix,33.45,-112.07,2025-10-16T20:00,78.7,32,3.1,0.0,1010.2,0
Phoenix,33.45,-112.07,2025-10-16T21:00,79.2,29,4.8,0.0,1009.5,0
Phoenix,33.45,-112.07,2025-10-16T22:00,79.4,28,6.0,0.0,1009.2,0
Phoenix,33.45,-112.07,2025-10-16T23:00,79.2,29,6.8,0.0,1008.9,0
Phoenix,33.45,-112.07,2025-10-17T00:00,78.5,26,8.4,0.0,1008.9,0
Phoenix,33.45,-112.07,2025-10-17T01:00,74.3,31,7.4,0.0,1008.6,0
Phoenix,33.45,-112.07,2025-10-17T02:00,72.6,33,6.0,0.0,1008.9,0
Phoenix,33.45,-112.07,2025-10-17T03:00,70.6,36,2.9,0.0,1009.2,0
Phoenix,33.45,-112.07,2025-10-17T04:00,68.5,42,2.6,0.0,1009.4,0
Phoenix,33.45,-112.07,2025-10-17T05:00,68.6,39,1.1,0.0,1009.6,0
Phoenix,33.45,-112.07,2025-10-17T06:00,67.3,39,2.9,0.0,1009.4,0
Phoenix,33.45,-112.07,2025-10-17T07:00,66.2,42,5.9,0.0,1009.5,0
Phoenix,33.45,-112.07,2025-10-17T08:00,64.2,44,4.2,0.0,1009.9,0
Phoenix,33.45,-112.07,2025-10-17T09:00,61.9,53,2.3,0.0,1009.9,0
Phoenix,33.45,-112.07,2025-10-17T10:00,61.1,58,3.3,0.0,1009.9,0
Phoenix,33.45,-112.07,2025-10-17T11:00,61.0,67,6.0,0.0,1010.1,0
Phoenix,33.45,-112.07,2025-10-17T12:00,60.9,65,5.2,0.0,1010.4,0
Phoenix,33.45,-112.07,2025-10-17T13:00,60.4,65,5.7,0.0,1011.0,0
Phoenix,33.45,-112.07,2025-10-17T14:00,60.1,67,3.7,0.0,1011.5,0
Phoenix,33.45,-112.07,2025-10-17T15:00,63.8,62,1.8,0.0,1012.4,0
Phoenix,33.45,-112.07,2025-10-17T16:00,68.4,49,5.0,0.0,1012.7,0
Phoenix,33.45,-112.07,2025-10-17T17:00,71.7,43,6.8,0.0,1013.1,0
Phoenix,33.45,-112.07,2025-10-17T18:00,76.3,36,3.6,0.0,1012.9,0
Phoenix,33.45,-112.07,2025-10-17T19:00,79.4,28,2.9,0.0,1012.4,0
Phoenix,33.45,-112.07,2025-10-17T20:00,80.1,25,4.3,0.0,1011.5,0
Phoenix,33.45,-112.07,2025-10-17T21:00,80.9,22,5.4,0.0,1011.0,0
Phoenix,33.45,-112.07,2025-10-17T22:00,81.0,20,5.0,0.0,1010.6,0
Phoenix,33.45,-112.07,2025-10-17T23:00,80.8,20,5.4,0.0,1010.5,0
Phoenix,33.45,-112.07,2025-10-18T00:00,79.9,20,5.6,0.0,1010.3,0
Phoenix,33.45,-112.07,2025-10-18T01:00,76.1,20,6.4,0.0,1010.5,0
Phoenix,33.45,-112.07,2025-10-18T02:00,73.4,23,6.4,0.0,1010.9,0
Phoenix,33.45,-112.07,2025-10-18T03:00,70.7,30,6.2,0.0,1011.2,0
Phoenix,33.45,-112.07,2025-10-18T04:00,70.7,28,6.4,0.0,1011.5,0
Phoenix,33.45,-112.07,2025-10-18T05:00,70.5,29,5.5,0.0,1012.2,0
Phoenix,33.45,-112.07,2025-10-18T06:00,68.3,31,6.2,0.0,1012.6,0
Phoenix,33.45,-112.07,2025-10-18T07:00,66.6,36,4.7,0.0,1012.9,0
Phoenix,33.45,-112.07,2025-10-18T08:00,64.6,46,4.3,0.0,1013.0,0
Phoenix,33.45,-112.07,2025-10-18T09:00,63.7,48,0.5,0.0,1013.3,0
Phoenix,33.45,-112.07,2025-10-18T10:00,61.9,53,2.0,0.0,1013.3,0
Phoenix,33.45,-112.07,2025-10-18T11:00,60.6,63,2.7,0.0,1013.4,0
Phoenix,33.45,-112.07,2025-10-18T12:00,60.6,59,1.6,0.0,1013.6,0
Phoenix,33.45,-112.07,2025-10-18T13:00,60.7,55,4.0,0.0,1014.2,0
Phoenix,33.45,-112.07,2025-10-18T14:00,60.4,61,4.2,0.0,1014.8,0
Phoenix,33.45,-112.07,2025-10-18T15:00,63.5,60,3.5,0.0,1015.6,0
Phoenix,33.45,-112.07,2025-10-18T16:00,69.0,45,9.5,0.0,1016.5,0
Phoenix,33.45,-112.07,2025-10-18T17:00,73.7,38,9.1,0.0,1016.3,0
Phoenix,33.45,-112.07,2025-10-18T18:00,77.0,32,6.8,0.0,1016.1,0
Phoenix,33.45,-112.07,2025-10-18T19:00,80.0,29,3.3,0.0,1015.4,0
Phoenix,33.45,-112.07,2025-10-18T20:00,82.2,24,3.5,0.0,1014.5,0
Phoenix,33.45,-112.07,2025-10-18T21:00,83.4,24,4.8,0.0,1013.6,0
Phoenix,33.45,-112.07,2025-10-18T22:00,83.9,23,5.8,0.0,1013.2,1
Phoenix,33.45,-112.07,2025-10-18T23:00,84.5,22,7.3,0.0,1012.9,0
Phoenix,33.45,-112.07,2025-10-19T00:00,83.3,22,9.3,0.0,1012.8,0
Phoenix,33.45,-112.07,2025-10-19T01:00,79.3,21,6.3,0.0,1012.8,0
Phoenix,33.45,-112.07,2025-10-19T02:00,76.9,22,4.2,0.0,1013.5,0
Phoenix,33.45,-112.07,2025-10-19T03:00,74.2,26,0.8,0.0,1013.9,10
Phoenix,33.45,-112.07,2025-10-19T04:00,72.7,28,3.2,0.0,1014.2,1
Phoenix,33.45,-112.07,2025-10-19T05:00,71.8,28,3.8,0.0,1014.2,5
Phoenix,33.45,-112.07,2025-10-19T06:00,69.8,37,7.0,0.0,1014.2,2
Phoenix,33.45,-112.07,2025-10-19T07:00,67.8,47,7.7,0.0,1014.1,18
Phoenix,33.45,-112.07,2025-10-19T08:00,66.9,49,5.5,0.0,1013.9,7
Phoenix,33.45,-112.07,2025-10-19T09:00,65.7,57,3.6,0.0,1014.0,1
Phoenix,33.45,-112.07,2025-10-19T10:00,64.0,64,5.0,0.0,1014.0,0
Phoenix,33.45,-112.07,2025-10-19T11:00,63.4,65,5.4,0.0,1014.2,0
Phoenix,33.45,-112.07,2025-10-19T12:00,63.5,63,5.2,0.0,1014.6,0
Phoenix,33.45,-112.07,2025-10-19T13:00,63.7,58,4.7,0.0,1015.1,0
Phoenix,33.45,-112.07,2025-10-19T14:00,63.1,62,5.8,0.0,1015.4,0
Phoenix,33.45,-112.07,2025-10-19T15:00,66.1,61,4.9,0.0,1015.9,0
Phoenix,33.45,-112.07,2025-10-19T16:00,71.9,47,4.1,0.0,1016.3,0
Phoenix,33.45,-112.07,2025-10-19T17:00,77.0,36,4.6,0.0,1016.4,0
Phoenix,33.45,-112.07,2025-10-19T18:00,80.7,31,5.8,0.0,1015.8,0
Phoenix,33.45,-112.07,2025-10-19T19:00,84.3,26,4.4,0.0,1015.1,0
Phoenix,33.45,-112.07,2025-10-19T20:00,87.3,23,1.1,0.0,1014.0,0
Phoenix,33.45,-112.07,2025-10-19T21:00,88.4,21,1.8,0.0,1013.0,0
Phoenix,33.45,-112.07,2025-10-19T22:00,89.2,19,1.4,0.0,1012.4,0
Phoenix,33.45,-112.07,2025-10-19T23:00,88.2,19,4.0,0.0,1011.9,0
